0,140,61,53,512
0.001953,119,61,53,
0.003906,73,61,53,
0.005859,23,61,53,
0.007813,8,61,53,
0.009766,19,61,53,
0.011719,36,61,53,
0.013672,72,61,53,
0.015625,97,61,53,
0.017578,86,61,53,
0.019531,73,61,53,
0.021484,76,61,53,
0.023438,93,61,53,
0.025391,115,75,51,
0.027344,125,75,51,
0.029297,129,75,51,
0.03125,98,75,51,
0.033203,64,75,51,
0.035156,84,75,51,
0.037109,160,75,51,
0.039063,196,75,51,
0.041016,167,75,51,
0.042969,137,75,51,
0.044922,123,75,51,
0.046875,124,75,51,
0.048828,140,75,51,
0.050781,135,75,51,
0.052734,93,75,51,
0.054688,64,75,51,
0.056641,77,75,51,
0.058594,116,75,51,
0.060547,133,75,51,
0.0625,133,75,51,
0.064453,145,75,51,
0.066406,164,75,51,
0.068359,172,75,51,
0.070313,169,75,51,
0.072266,167,75,51,
0.074219,166,75,51,
0.076172,145,75,51,
0.078125,129,75,51,
0.080078,153,75,51,
0.082031,178,75,51,
0.083984,165,75,51,
0.085938,138,75,51,
0.087891,115,75,51,
0.089844,119,75,51,
0.091797,131,75,51,
0.09375,121,75,51,
0.095703,90,75,51,
0.097656,42,75,51,
0.099609,17,75,51,
0.101563,32,75,51,
0.103516,86,75,51,
0.105469,105,75,51,
0.107422,74,75,51,
0.109375,56,75,51,
0.111328,73,75,51,
0.113281,92,75,51,
0.115234,83,75,51,
0.117188,54,75,51,
0.119141,23,75,51,
0.121094,-17,75,51,
0.123047,-51,75,51,
0.125,-60,75,51,
0.126953,-34,75,51,
0.128906,11,75,51,
0.130859,43,75,51,
0.132813,52,75,51,
0.134766,54,75,51,
0.136719,64,75,51,
0.138672,65,75,51,
0.140625,64,75,51,
0.142578,54,75,51,
0.144531,45,75,51,
0.146484,56,75,51,
0.148438,53,75,51,
0.150391,50,75,51,
0.152344,64,75,51,
0.154297,66,75,51,
0.15625,50,75,51,
0.158203,37,75,51,
0.160156,27,75,51,
0.162109,9,75,51,
0.164063,19,75,51,
0.166016,54,75,51,
0.167969,67,75,51,
0.169922,80,75,51,
0.171875,129,75,51,
0.173828,194,75,51,
0.175781,203,75,51,
0.177734,172,75,51,
0.179688,162,75,51,
0.181641,224,75,51,
0.183594,272,75,51,
0.185547,236,75,51,
0.1875,208,75,51,
0.189453,215,75,51,
0.191406,232,75,51,
0.193359,253,75,51,
0.195313,268,75,51,
0.197266,269,75,51,
0.199219,273,75,51,
0.201172,299,75,51,
0.203125,342,75,51,
0.205078,363,75,51,
0.207031,377,75,51,
0.208984,394,75,51,
0.210938,384,75,51,
0.212891,352,75,51,
0.214844,313,75,51,
0.216797,268,75,51,
0.21875,216,75,51,
0.220703,214,75,51,
0.222656,242,75,51,
0.224609,249,75,51,
0.226563,253,75,51,
0.228516,250,75,51,
0.230469,233,75,51,
0.232422,226,75,51,
0.234375,209,75,51,
0.236328,160,75,51,
0.238281,98,75,51,
0.240234,71,75,51,
0.242188,73,75,51,
0.244141,86,75,51,
0.246094,97,75,51,
0.248047,98,75,51,
0.25,88,75,51,
0.251953,58,75,51,
0.253906,18,75,51,
0.255859,-26,75,51,
0.257813,-71,75,51,
0.259766,-115,75,51,
0.261719,-149,75,51,
0.263672,-151,75,51,
0.265625,-119,75,51,
0.267578,-81,75,51,
0.269531,-77,75,51,
0.271484,-90,75,51,
0.273438,-82,75,51,
0.275391,-74,75,51,
0.277344,-85,75,51,
0.279297,-98,75,51,
0.28125,-118,75,51,
0.283203,-138,75,51,
0.285156,-135,75,51,
0.287109,-120,75,51,
0.289063,-135,75,51,
0.291016,-168,75,51,
0.292969,-151,75,51,
0.294922,-88,75,51,
0.296875,-45,75,51,
0.298828,-50,75,51,
0.300781,-57,75,51,
0.302734,-49,75,51,
0.304688,-29,75,51,
0.306641,-12,75,51,
0.308594,-17,75,51,
0.310547,-30,75,51,
0.3125,-46,75,51,
0.314453,-59,75,51,
0.316406,-38,75,51,
0.318359,-9,75,51,
0.320313,-24,75,51,
0.322266,-58,75,51,
0.324219,-40,75,51,
0.326172,-4,75,51,
0.328125,-2,75,51,
0.330078,-4,75,51,
0.332031,-11,75,51,
0.333984,-23,75,51,
0.335938,-25,75,51,
0.337891,-33,75,51,
0.339844,-12,75,51,
0.341797,-19,75,51,
0.34375,-77,75,51,
0.345703,-87,75,51,
0.347656,-2,75,51,
0.349609,82,75,51,
0.351563,89,75,51,
0.353516,64,75,51,
0.355469,70,75,51,
0.357422,73,75,51,
0.359375,66,75,51,
0.361328,105,75,51,
0.363281,168,75,51,
0.365234,181,75,51,
0.367188,132,75,51,
0.369141,80,75,51,
0.371094,60,75,51,
0.373047,82,75,51,
0.375,105,75,51,
0.376953,87,75,51,
0.378906,48,75,51,
0.380859,36,75,51,
0.382813,57,75,51,
0.384766,99,75,51,
0.386719,123,75,51,
0.388672,129,75,51,
0.390625,124,75,51,
0.392578,108,75,51,
0.394531,97,75,51,
0.396484,84,75,51,
0.398438,74,75,51,
0.400391,71,75,51,
0.402344,57,75,51,
0.404297,45,75,51,
0.40625,48,75,51,
0.408203,59,75,51,
0.410156,73,75,51,
0.412109,71,75,51,
0.414063,68,75,51,
0.416016,69,75,51,
0.417969,67,75,51,
0.419922,70,75,51,
0.421875,89,75,51,
0.423828,120,75,51,
0.425781,120,75,51,
0.427734,82,75,51,
0.429688,59,75,51,
0.431641,69,75,51,
0.433594,96,75,51,
0.435547,128,75,51,
0.4375,150,75,51,
0.439453,154,75,51,
0.441406,139,75,51,
0.443359,124,75,51,
0.445313,121,75,51,
0.447266,117,75,51,
0.449219,104,75,51,
0.451172,76,75,51,
0.453125,50,75,51,
0.455078,45,75,51,
0.457031,80,75,51,
0.458984,113,75,51,
0.460938,134,75,51,
0.462891,141,75,51,
0.464844,123,75,51,
0.466797,112,75,51,
0.46875,125,75,51,
0.470703,123,75,51,
0.472656,101,75,51,
0.474609,75,75,51,
0.476563,55,75,51,
0.478516,49,75,51,
0.480469,70,75,51,
0.482422,74,75,51,
0.484375,51,75,51,
0.486328,57,75,51,
0.488281,76,75,51,
0.490234,83,75,51,
0.492188,96,75,51,
0.494141,117,75,51,
0.496094,147,75,51,
0.498047,164,75,51,
0.5,165,75,51,
0.501953,169,75,51,
0.503906,177,75,51,
0.505859,164,75,51,
0.507813,136,75,51,
0.509766,115,75,51,
0.511719,112,75,51,
0.513672,131,75,51,
0.515625,147,75,51,
0.517578,145,75,51,
0.519531,138,75,51,
0.521484,153,75,51,
0.523438,168,75,51,
0.525391,149,75,51,
0.527344,134,75,51,
0.529297,181,75,51,
0.53125,250,75,51,
0.533203,299,75,51,
0.535156,307,75,51,
0.537109,262,75,51,
0.539063,218,75,51,
0.541016,227,75,51,
0.542969,234,75,51,
0.544922,202,75,51,
0.546875,164,75,51,
0.548828,148,75,51,
0.550781,134,75,51,
0.552734,117,75,51,
0.554688,103,75,51,
0.556641,130,75,51,
0.558594,183,75,51,
0.560547,187,75,51,
0.5625,156,75,51,
0.564453,131,75,51,
0.566406,114,75,51,
0.568359,103,75,51,
0.570313,108,75,51,
0.572266,119,75,51,
0.574219,135,75,51,
0.576172,153,75,51,
0.578125,148,75,51,
0.580078,123,75,51,
0.582031,85,75,51,
0.583984,44,75,51,
0.585938,16,75,51,
0.587891,-6,75,51,
0.589844,-29,75,51,
0.591797,-30,75,51,
0.59375,-20,75,51,
0.595703,-24,75,51,
0.597656,-38,75,51,
0.599609,-43,75,51,
0.601563,-33,75,51,
0.603516,-18,75,51,
0.605469,12,75,51,
0.607422,50,75,51,
0.609375,72,75,51,
0.611328,124,75,51,
0.613281,188,75,51,
0.615234,210,75,51,
0.617188,185,75,51,
0.619141,160,75,51,
0.621094,145,75,51,
0.623047,104,75,51,
0.625,80,75,51,
0.626953,60,75,51,
0.628906,38,75,51,
0.630859,10,75,51,
0.632813,-1,75,51,
0.634766,17,75,51,
0.636719,50,75,51,
0.638672,68,75,51,
0.640625,61,75,51,
0.642578,55,75,51,
0.644531,69,75,51,
0.646484,92,75,51,
0.648438,84,75,51,
0.650391,52,75,51,
0.652344,70,75,51,
0.654297,104,75,51,
0.65625,103,75,51,
0.658203,80,75,51,
0.660156,69,75,51,
0.662109,84,75,51,
0.664063,104,75,51,
0.666016,96,75,51,
0.667969,84,75,51,
0.669922,105,75,51,
0.671875,103,75,51,
0.673828,84,75,51,
0.675781,80,75,51,
0.677734,83,75,51,
0.679688,93,75,51,
0.681641,115,75,51,
0.683594,105,75,51,
0.685547,93,75,51,
0.6875,112,75,51,
0.689453,146,75,51,
0.691406,170,75,51,
0.693359,172,75,51,
0.695313,160,75,51,
0.697266,137,75,51,
0.699219,137,75,51,
0.701172,132,75,51,
0.703125,102,75,51,
0.705078,97,75,51,
0.707031,100,75,51,
0.708984,91,75,51,
0.710938,83,75,51,
0.712891,80,75,51,
0.714844,92,75,51,
0.716797,96,75,51,
0.71875,76,75,51,
0.720703,81,75,51,
0.722656,103,75,51,
0.724609,117,75,51,
0.726563,112,75,51,
0.728516,93,75,51,
0.730469,75,75,51,
0.732422,51,75,51,
0.734375,24,75,51,
0.736328,10,75,51,
0.738281,0,75,51,
0.740234,-6,75,51,
0.742188,10,75,51,
0.744141,29,75,51,
0.746094,35,75,51,
0.748047,58,75,51,
0.75,112,75,51,
0.751953,137,75,51,
0.753906,116,75,51,
0.755859,92,75,51,
0.757813,90,75,51,
0.759766,101,75,51,
0.761719,99,75,51,
0.763672,92,75,51,
0.765625,103,75,51,
0.767578,118,75,51,
0.769531,134,75,51,
0.771484,135,75,51,
0.773438,125,75,51,
0.775391,124,75,51,
0.777344,108,75,51,
0.779297,89,75,51,
0.78125,96,75,51,
0.783203,118,75,51,
0.785156,144,75,51,
0.787109,150,75,51,
0.789063,136,75,51,
0.791016,131,75,51,
0.792969,139,75,51,
0.794922,136,75,51,
0.796875,99,75,51,
0.798828,25,75,51,
0.800781,-27,75,51,
0.802734,-28,75,51,
0.804688,4,75,51,
0.806641,50,75,51,
0.808594,129,75,51,
0.810547,219,75,51,
0.8125,250,75,51,
0.814453,236,75,51,
0.816406,210,75,51,
0.818359,204,75,51,
0.820313,220,75,51,
0.822266,214,75,51,
0.824219,193,75,51,
0.826172,182,75,51,
0.828125,208,75,51,
0.830078,245,75,51,
0.832031,262,75,51,
0.833984,263,75,51,
0.835938,278,75,51,
0.837891,295,75,51,
0.839844,253,75,51,
0.841797,195,75,51,
0.84375,184,75,51,
0.845703,198,75,51,
0.847656,196,75,51,
0.849609,156,75,51,
0.851563,105,75,51,
0.853516,69,75,51,
0.855469,69,75,51,
0.857422,93,75,51,
0.859375,113,75,51,
0.861328,109,75,51,
0.863281,98,75,51,
0.865234,88,75,51,
0.867188,75,75,51,
0.869141,72,75,51,
0.871094,58,75,51,
0.873047,37,75,51,
0.875,19,75,51,
0.876953,21,75,51,
0.878906,56,75,51,
0.880859,89,75,51,
0.882813,75,75,51,
0.884766,36,75,51,
0.886719,-1,75,51,
0.888672,-20,75,51,
0.890625,-9,75,51,
0.892578,18,75,51,
0.894531,29,75,51,
0.896484,49,75,51,
0.898438,51,75,51,
0.900391,37,75,51,
0.902344,13,75,51,
0.904297,2,75,51,
0.90625,-20,75,51,
0.908203,-46,75,51,
0.910156,-58,75,51,
0.912109,-50,75,51,
0.914063,-29,75,51,
0.916016,-21,75,51,
0.917969,-17,75,51,
0.919922,-4,75,51,
0.921875,7,75,51,
0.923828,16,75,51,
0.925781,19,75,51,
0.927734,1,75,51,
0.929688,-18,75,51,
0.931641,-24,75,51,
0.933594,-6,75,51,
0.935547,16,75,51,
0.9375,20,75,51,
0.939453,22,75,51,
0.941406,37,75,51,
0.943359,39,75,51,
0.945313,4,75,51,
0.947266,-40,75,51,
0.949219,-40,75,51,
0.951172,-7,75,51,
0.953125,6,75,51,
0.955078,2,75,51,
0.957031,8,75,51,
0.958984,28,75,51,
0.960938,36,75,51,
0.962891,42,75,51,
0.964844,55,75,51,
0.966797,68,75,51,
0.96875,84,75,51,
0.970703,88,75,51,
0.972656,87,75,51,
0.974609,88,75,51,
0.976563,81,75,51,
0.978516,73,75,51,
0.980469,100,75,51,
0.982422,146,75,51,
0.984375,165,75,51,
0.986328,151,75,51,
0.988281,132,75,51,
0.990234,123,75,51,
0.992188,141,75,51,
0.994141,162,75,51,
0.996094,169,75,51,
0.998047,152,75,51,
1,134,75,51,
1.001953,141,75,51,
1.003906,153,75,51,
1.005859,164,75,51,
1.007813,167,75,51,
1.009766,157,75,51,
1.011719,128,75,51,
1.013672,85,75,51,
1.015625,65,75,51,
1.017578,50,75,51,
1.019531,37,75,51,
1.021484,48,57,30,
1.023438,74,57,30,
1.025391,89,57,30,
1.027344,104,57,30,
1.029297,140,57,30,
1.03125,173,57,30,
1.033203,176,57,30,
1.035156,153,57,30,
1.037109,136,57,30,
1.039063,140,57,30,
1.041016,119,57,30,
1.042969,76,57,30,
1.044922,60,57,30,
1.046875,75,57,30,
1.048828,103,57,30,
1.050781,128,57,30,
1.052734,149,57,30,
1.054688,153,57,30,
1.056641,99,57,30,
1.058594,97,57,30,
1.060547,92,57,30,
1.0625,73,57,30,
1.064453,41,57,30,
1.066406,24,57,30,
1.068359,49,57,30,
1.070313,81,57,30,
1.072266,74,57,30,
1.074219,50,57,30,
1.076172,34,57,30,
1.078125,22,57,30,
1.080078,12,57,30,
1.082031,19,57,30,
1.083984,9,57,30,
1.085938,11,57,30,
1.087891,16,57,30,
1.089844,8,57,30,
1.091797,11,57,30,
1.09375,21,57,30,
1.095703,50,57,30,
1.097656,75,57,30,
1.099609,89,57,30,
1.101563,81,57,30,
1.103516,66,57,30,
1.105469,70,57,30,
1.107422,75,57,30,
1.109375,67,57,30,
1.111328,60,57,30,
1.113281,75,57,30,
1.115234,81,57,30,
1.117188,87,57,30,
1.119141,88,57,30,
1.121094,92,57,30,
1.123047,87,57,30,
1.125,76,57,30,
1.126953,53,57,30,
1.128906,37,57,30,
1.130859,57,57,30,
1.132813,105,57,30,
1.134766,139,57,30,
1.136719,176,57,30,
1.138672,221,57,30,
1.140625,228,57,30,
1.142578,201,57,30,
1.144531,181,57,30,
1.146484,176,57,30,
1.148438,179,57,30,
1.150391,160,57,30,
1.152344,118,57,30,
1.154297,93,57,30,
1.15625,102,57,30,
1.158203,114,57,30,
1.160156,109,57,30,
1.162109,102,57,30,
1.164063,103,57,30,
1.166016,113,57,30,
1.167969,98,57,30,
1.169922,52,57,30,
1.171875,26,57,30,
1.173828,59,57,30,
1.175781,91,57,30,
1.177734,70,57,30,
1.179688,22,57,30,
1.181641,5,57,30,
1.183594,21,57,30,
1.185547,48,57,30,
1.1875,66,57,30,
1.189453,59,57,30,
1.191406,74,57,30,
1.193359,107,57,30,
1.195313,121,57,30,
1.197266,106,57,30,
1.199219,106,57,30,
1.201172,119,57,30,
1.203125,120,57,30,
1.205078,113,57,30,
1.207031,98,57,30,
1.208984,70,57,30,
1.210938,41,57,30,
1.212891,26,57,30,
1.214844,33,57,30,
1.216797,49,57,30,
1.21875,38,57,30,
1.220703,24,57,30,
1.222656,28,57,30,
1.224609,49,57,30,
1.226563,68,57,30,
1.228516,67,57,30,
1.230469,67,57,30,
1.232422,82,57,30,
1.234375,97,57,30,
1.236328,101,57,30,
1.238281,100,57,30,
1.240234,104,57,30,
1.242188,123,57,30,
1.244141,147,57,30,
1.246094,150,57,30,
1.248047,151,57,30,
1.25,153,57,30,
1.251953,171,57,30,
1.253906,179,57,30,
1.255859,170,57,30,
1.257813,162,57,30,
1.259766,138,57,30,
1.261719,115,57,30,
1.263672,98,57,30,
1.265625,85,57,30,
1.267578,81,57,30,
1.269531,72,57,30,
1.271484,60,57,30,
1.273438,60,57,30,
1.275391,76,57,30,
1.277344,97,57,30,
1.279297,105,57,30,
1.28125,104,57,30,
1.283203,89,57,30,
1.285156,60,57,30,
1.287109,37,57,30,
1.289063,16,57,30,
1.291016,-6,57,30,
1.292969,-13,57,30,
1.294922,17,57,30,
1.296875,66,57,30,
1.298828,88,57,30,
1.300781,67,57,30,
1.302734,37,57,30,
1.304688,32,57,30,
1.306641,41,57,30,
1.308594,56,57,30,
1.310547,59,57,30,
1.3125,51,57,30,
1.314453,52,57,30,
1.316406,82,57,30,
1.318359,119,57,30,
1.320313,147,57,30,
1.322266,169,57,30,
1.324219,170,57,30,
1.326172,144,57,30,
1.328125,106,57,30,
1.330078,89,57,30,
1.332031,119,57,30,
1.333984,125,57,30,
1.335938,104,57,30,
1.337891,84,57,30,
1.339844,60,57,30,
1.341797,44,57,30,
1.34375,59,57,30,
1.345703,97,57,30,
1.347656,101,57,30,
1.349609,68,57,30,
1.351563,89,57,30,
1.353516,170,57,30,
1.355469,227,57,30,
1.357422,198,57,30,
1.359375,134,57,30,
1.361328,118,57,30,
1.363281,146,57,30,
1.365234,151,57,30,
1.367188,122,57,30,
1.369141,116,57,30,
1.371094,128,57,30,
1.373047,122,57,30,
1.375,96,57,30,
1.376953,82,57,30,
1.378906,85,57,30,
1.380859,80,57,30,
1.382813,90,57,30,
1.384766,117,57,30,
1.386719,128,57,30,
1.388672,109,57,30,
1.390625,105,57,30,
1.392578,130,57,30,
1.394531,124,57,30,
1.396484,77,57,30,
1.398438,32,57,30,
1.400391,22,57,30,
1.402344,42,57,30,
1.404297,27,57,30,
1.40625,0,57,30,
1.408203,10,57,30,
1.410156,55,57,30,
1.412109,93,57,30,
1.414063,118,57,30,
1.416016,117,57,30,
1.417969,89,57,30,
1.419922,61,57,30,
1.421875,42,57,30,
1.423828,21,57,30,
1.425781,20,57,30,
1.427734,16,57,30,
1.429688,-7,57,30,
1.431641,-6,57,30,
1.433594,27,57,30,
1.435547,64,57,30,
1.4375,77,57,30,
1.439453,88,57,30,
1.441406,129,57,30,
1.443359,167,57,30,
1.445313,160,57,30,
1.447266,103,57,30,
1.449219,72,57,30,
1.451172,112,57,30,
1.453125,151,57,30,
1.455078,152,57,30,
1.457031,137,57,30,
1.458984,131,57,30,
1.460938,141,57,30,
1.462891,165,57,30,
1.464844,169,57,30,
1.466797,144,57,30,
1.46875,121,57,30,
1.470703,108,57,30,
1.472656,86,57,30,
1.474609,65,57,30,
1.476563,55,57,30,
1.478516,65,57,30,
1.480469,55,57,30,
1.482422,43,57,30,
1.484375,64,57,30,
1.486328,92,57,30,
1.488281,118,57,30,
1.490234,149,57,30,
1.492188,168,57,30,
1.494141,176,57,30,
1.496094,186,57,30,
1.498047,185,57,30,
1.5,168,57,30,
1.501953,157,57,30,
1.503906,141,57,30,
1.505859,124,57,30,
1.507813,117,57,30,
1.509766,86,57,30,
1.511719,64,57,30,
1.513672,82,57,30,
1.515625,115,57,30,
1.517578,128,57,30,
1.519531,107,57,30,
1.521484,89,57,30,
1.523438,89,57,30,
1.525391,73,57,30,
1.527344,52,57,30,
1.529297,36,57,30,
1.53125,54,57,30,
1.533203,81,57,30,
1.535156,73,57,30,
1.537109,48,57,30,
1.539063,26,57,30,
1.541016,43,57,30,
1.542969,75,57,30,
1.544922,69,57,30,
1.546875,16,57,30,
1.548828,-23,57,30,
1.550781,-9,57,30,
1.552734,58,57,30,
1.554688,92,57,30,
1.556641,106,57,30,
1.558594,114,57,30,
1.560547,130,57,30,
1.5625,136,57,30,
1.564453,155,57,30,
1.566406,193,57,30,
1.568359,203,57,30,
1.570313,180,57,30,
1.572266,139,57,30,
1.574219,118,57,30,
1.576172,132,57,30,
1.578125,138,57,30,
1.580078,113,57,30,
1.582031,101,57,30,
1.583984,99,57,30,
1.585938,87,57,30,
1.587891,89,57,30,
1.589844,105,57,30,
1.591797,108,57,30,
1.59375,98,57,30,
1.595703,77,57,30,
1.597656,70,57,30,
1.599609,85,57,30,
1.601563,100,57,30,
1.603516,86,57,30,
1.605469,57,57,30,
1.607422,38,57,30,
1.609375,32,57,30,
1.611328,57,57,30,
1.613281,83,57,30,
1.615234,76,57,30,
1.617188,75,57,30,
1.619141,77,57,30,
1.621094,87,57,30,
1.623047,84,57,30,
1.625,72,57,30,
1.626953,75,57,30,
1.628906,83,57,30,
1.630859,69,57,30,
1.632813,66,57,30,
1.634766,80,57,30,
1.636719,85,57,30,
1.638672,86,57,30,
1.640625,87,57,30,
1.642578,92,57,30,
1.644531,119,57,30,
1.646484,120,57,30,
1.648438,76,57,30,
1.650391,50,57,30,
1.652344,96,57,30,
1.654297,154,57,30,
1.65625,161,57,30,
1.658203,133,57,30,
1.660156,118,57,30,
1.662109,123,57,30,
1.664063,144,57,30,
1.666016,154,57,30,
1.667969,160,57,30,
1.669922,148,57,30,
1.671875,121,57,30,
1.673828,102,57,30,
1.675781,101,57,30,
1.677734,128,57,30,
1.679688,139,57,30,
1.681641,115,57,30,
1.683594,97,57,30,
1.685547,96,57,30,
1.6875,112,57,30,
1.689453,121,57,30,
1.691406,119,57,30,
1.693359,109,57,30,
1.695313,100,57,30,
1.697266,73,57,30,
1.699219,52,57,30,
1.701172,54,57,30,
1.703125,87,57,30,
1.705078,114,57,30,
1.707031,92,57,30,
1.708984,77,57,30,
1.710938,93,57,30,
1.712891,108,57,30,
1.714844,106,57,30,
1.716797,104,57,30,
1.71875,119,57,30,
1.720703,134,57,30,
1.722656,120,57,30,
1.724609,89,57,30,
1.726563,84,57,30,
1.728516,106,57,30,
1.730469,128,57,30,
1.732422,130,57,30,
1.734375,115,57,30,
1.736328,88,57,30,
1.738281,76,57,30,
1.740234,92,57,30,
1.742188,113,57,30,
1.744141,144,57,30,
1.746094,156,57,30,
1.748047,146,57,30,
1.75,138,57,30,
1.751953,128,57,30,
1.753906,100,57,30,
1.755859,72,57,30,
1.757813,64,57,30,
1.759766,69,57,30,
1.761719,70,57,30,
1.763672,51,57,30,
1.765625,13,57,30,
1.767578,-9,57,30,
1.769531,-8,57,30,
1.771484,-5,57,30,
1.773438,18,57,30,
1.775391,59,57,30,
1.777344,69,57,30,
1.779297,55,57,30,
1.78125,38,57,30,
1.783203,36,57,30,
1.785156,39,57,30,
1.787109,24,57,30,
1.789063,-1,57,30,
1.791016,8,57,30,
1.792969,28,57,30,
1.794922,50,57,30,
1.796875,89,57,30,
1.798828,139,57,30,
1.800781,146,57,30,
1.802734,113,57,30,
1.804688,90,57,30,
1.806641,87,57,30,
1.808594,83,57,30,
1.810547,75,57,30,
1.8125,43,57,30,
1.814453,1,57,30,
1.816406,-6,57,30,
1.818359,39,57,30,
1.820313,90,57,30,
1.822266,134,57,30,
1.824219,157,57,30,
1.826172,141,57,30,
1.828125,116,57,30,
1.830078,88,57,30,
1.832031,70,57,30,
1.833984,64,57,30,
1.835938,80,57,30,
1.837891,101,57,30,
1.839844,107,57,30,
1.841797,102,57,30,
1.84375,91,57,30,
1.845703,96,57,30,
1.847656,106,57,30,
1.849609,87,57,30,
1.851563,68,57,30,
1.853516,103,57,30,
1.855469,135,57,30,
1.857422,103,57,30,
1.859375,42,57,30,
1.861328,20,57,30,
1.863281,37,57,30,
1.865234,64,57,30,
1.867188,60,57,30,
1.869141,40,57,30,
1.871094,48,57,30,
1.873047,59,57,30,
1.875,58,57,30,
1.876953,55,57,30,
1.878906,59,57,30,
1.880859,76,57,30,
1.882813,71,57,30,
1.884766,32,57,30,
1.886719,-21,57,30,
1.888672,-42,57,30,
1.890625,-34,57,30,
1.892578,-27,57,30,
1.894531,-27,57,30,
1.896484,-1,57,30,
1.898438,42,57,30,
1.900391,72,57,30,
1.902344,75,57,30,
1.904297,76,57,30,
1.90625,80,57,30,
1.908203,64,57,30,
1.910156,40,57,30,
1.912109,32,57,30,
1.914063,56,57,30,
1.916016,104,57,30,
1.917969,107,57,30,
1.919922,71,57,30,
1.921875,35,57,30,
1.923828,48,57,30,
1.925781,85,57,30,
1.927734,80,57,30,
1.929688,29,57,30,
1.931641,7,57,30,
1.933594,33,57,30,
1.935547,53,57,30,
1.9375,33,57,30,
1.939453,28,57,30,
1.941406,91,57,30,
1.943359,153,57,30,
1.945313,176,57,30,
1.947266,165,57,30,
1.949219,151,57,30,
1.951172,144,57,30,
1.953125,139,57,30,
1.955078,146,57,30,
1.957031,152,57,30,
1.958984,150,57,30,
1.960938,130,57,30,
1.962891,103,57,30,
1.964844,106,57,30,
1.966797,144,57,30,
1.96875,172,57,30,
1.970703,166,57,30,
1.972656,128,57,30,
1.974609,98,57,30,
1.976563,86,57,30,
1.978516,85,57,30,
1.980469,88,57,30,
1.982422,83,57,30,
1.984375,92,57,30,
1.986328,117,57,30,
1.988281,124,57,30,
1.990234,107,57,30,
1.992188,90,57,30,
1.994141,86,57,30,
1.996094,69,57,30,
1.998047,64,57,30,
2,45,57,30,
2.001953,4,57,30,
2.003906,3,57,30,
2.005859,33,57,30,
2.007813,70,57,30,
2.009766,105,57,30,
2.011719,138,53,44,
2.013672,150,53,44,
2.015625,125,53,44,
2.017578,93,53,44,
2.019531,86,53,44,
2.021484,101,53,44,
2.023438,115,53,44,
2.025391,103,53,44,
2.027344,87,53,44,
2.029297,101,53,44,
2.03125,138,53,44,
2.033203,169,53,44,
2.035156,166,53,44,
2.037109,120,53,44,
2.039063,87,53,44,
2.041016,77,53,44,
2.042969,92,53,44,
2.044922,112,53,44,
2.046875,114,53,44,
2.048828,81,53,44,
2.050781,59,53,44,
2.052734,64,53,44,
2.054688,77,53,44,
2.056641,101,53,44,
2.058594,97,53,44,
2.060547,65,53,44,
2.0625,43,53,44,
2.064453,64,53,44,
2.066406,116,53,44,
2.068359,147,53,44,
2.070313,152,53,44,
2.072266,154,53,44,
2.074219,135,53,44,
2.076172,85,53,44,
2.078125,43,53,44,
2.080078,56,53,44,
2.082031,106,53,44,
2.083984,137,53,44,
2.085938,134,53,44,
2.087891,120,53,44,
2.089844,133,53,44,
2.091797,153,53,44,
2.09375,151,53,44,
2.095703,108,53,44,
2.097656,70,53,44,
2.099609,74,53,44,
2.101563,85,53,44,
2.103516,67,53,44,
2.105469,44,53,44,
2.107422,69,53,44,
2.109375,123,53,44,
2.111328,130,53,44,
2.113281,73,53,44,
2.115234,9,53,44,
2.117188,-1,53,44,
2.119141,24,53,44,
2.121094,42,53,44,
2.123047,56,53,44,
2.125,87,53,44,
2.126953,123,53,44,
2.128906,131,53,44,
2.130859,121,53,44,
2.132813,104,53,44,
2.134766,98,53,44,
2.136719,91,53,44,
2.138672,88,53,44,
2.140625,65,53,44,
2.142578,22,53,44,
2.144531,2,53,44,
2.146484,10,53,44,
2.148438,23,53,44,
2.150391,33,53,44,
2.152344,44,53,44,
2.154297,42,53,44,
2.15625,44,53,44,
2.158203,67,53,44,
2.160156,84,53,44,
2.162109,69,53,44,
2.164063,70,53,44,
2.166016,107,53,44,
2.167969,132,53,44,
2.169922,138,53,44,
2.171875,120,53,44,
2.173828,90,53,44,
2.175781,93,53,44,
2.177734,128,53,44,
2.179688,146,53,44,
2.181641,131,53,44,
2.183594,119,53,44,
2.185547,115,53,44,
2.1875,103,53,44,
2.189453,104,53,44,
2.191406,120,53,44,
2.193359,117,53,44,
2.195313,108,53,44,
2.197266,122,53,44,
2.199219,149,53,44,
2.201172,168,53,44,
2.203125,167,53,44,
2.205078,162,53,44,
2.207031,154,53,44,
2.208984,153,53,44,
2.210938,132,53,44,
2.212891,85,53,44,
2.214844,67,53,44,
2.216797,96,53,44,
2.21875,123,53,44,
2.220703,146,53,44,
2.222656,149,53,44,
2.224609,120,53,44,
2.226563,82,53,44,
2.228516,85,53,44,
2.230469,121,53,44,
2.232422,131,53,44,
2.234375,130,53,44,
2.236328,129,53,44,
2.238281,120,53,44,
2.240234,114,53,44,
2.242188,104,53,44,
2.244141,90,53,44,
2.246094,59,53,44,
2.248047,4,53,44,
2.25,-42,53,44,
2.251953,-65,53,44,
2.253906,-60,53,44,
2.255859,-13,53,44,
2.257813,50,53,44,
2.259766,68,53,44,
2.261719,54,53,44,
2.263672,56,53,44,
2.265625,83,53,44,
2.267578,108,53,44,
2.269531,106,53,44,
2.271484,91,53,44,
2.273438,106,53,44,
2.275391,144,53,44,
2.277344,147,53,44,
2.279297,107,53,44,
2.28125,51,53,44,
2.283203,9,53,44,
2.285156,20,53,44,
2.287109,76,53,44,
2.289063,139,53,44,
2.291016,168,53,44,
2.292969,176,53,44,
2.294922,167,53,44,
2.296875,151,53,44,
2.298828,138,53,44,
2.300781,129,53,44,
2.302734,103,53,44,
2.304688,70,53,44,
2.306641,34,53,44,
2.308594,35,53,44,
2.310547,80,53,44,
2.3125,115,53,44,
2.314453,108,53,44,
2.316406,106,53,44,
2.318359,121,53,44,
2.320313,141,53,44,
2.322266,136,53,44,
2.324219,93,53,44,
2.326172,41,53,44,
2.328125,35,53,44,
2.330078,64,53,44,
2.332031,74,53,44,
2.333984,70,53,44,
2.335938,65,53,44,
2.337891,64,53,44,
2.339844,76,53,44,
2.341797,85,53,44,
2.34375,71,53,44,
2.345703,36,53,44,
2.347656,26,53,44,
2.349609,59,53,44,
2.351563,50,53,44,
2.353516,19,53,44,
2.355469,48,53,44,
2.357422,93,53,44,
2.359375,107,53,44,
2.361328,80,53,44,
2.363281,69,53,44,
2.365234,105,53,44,
2.367188,140,53,44,
2.369141,150,53,44,
2.371094,147,53,44,
2.373047,133,53,44,
2.375,104,53,44,
2.376953,64,53,44,
2.378906,49,53,44,
2.380859,74,53,44,
2.382813,100,53,44,
2.384766,99,53,44,
2.386719,84,53,44,
2.388672,73,53,44,
2.390625,72,53,44,
2.392578,88,53,44,
2.394531,116,53,44,
2.396484,152,53,44,
2.398438,176,53,44,
2.400391,150,53,44,
2.402344,93,53,44,
2.404297,40,53,44,
2.40625,12,53,44,
2.408203,-2,53,44,
2.410156,-23,53,44,
2.412109,-38,53,44,
2.414063,-34,53,44,
2.416016,-13,53,44,
2.417969,2,53,44,
2.419922,39,53,44,
2.421875,84,53,44,
2.423828,109,53,44,
2.425781,107,53,44,
2.427734,85,53,44,
2.429688,74,53,44,
2.431641,103,53,44,
2.433594,145,53,44,
2.435547,150,53,44,
2.4375,133,53,44,
2.439453,122,53,44,
2.441406,136,53,44,
2.443359,161,53,44,
2.445313,169,53,44,
2.447266,171,53,44,
2.449219,178,53,44,
2.451172,173,53,44,
2.453125,154,53,44,
2.455078,138,53,44,
2.457031,130,53,44,
2.458984,131,53,44,
2.460938,114,53,44,
2.462891,81,53,44,
2.464844,55,53,44,
2.466797,64,53,44,
2.46875,83,53,44,
2.470703,60,53,44,
2.472656,17,53,44,
2.474609,-6,53,44,
2.476563,22,53,44,
2.478516,67,53,44,
2.480469,74,53,44,
2.482422,59,53,44,
2.484375,57,53,44,
2.486328,76,53,44,
2.488281,105,53,44,
2.490234,108,53,44,
2.492188,90,53,44,
2.494141,66,53,44,
2.496094,56,53,44,
2.498047,81,53,44,
2.5,136,53,44,
2.501953,150,53,44,
2.503906,121,53,44,
2.505859,98,53,44,
2.507813,105,53,44,
2.509766,141,53,44,
2.511719,171,53,44,
2.513672,180,53,44,
2.515625,182,53,44,
2.517578,188,53,44,
2.519531,198,53,44,
2.521484,209,53,44,
2.523438,232,53,44,
2.525391,268,53,44,
2.527344,298,53,44,
2.529297,326,53,44,
2.53125,361,53,44,
2.533203,385,53,44,
2.535156,387,53,44,
2.537109,364,53,44,
2.539063,364,53,44,
2.541016,387,53,44,
2.542969,380,53,44,
2.544922,345,53,44,
2.546875,317,53,44,
2.548828,305,53,44,
2.550781,315,53,44,
2.552734,347,53,44,
2.554688,389,53,44,
2.556641,395,53,44,
2.558594,352,53,44,
2.560547,292,53,44,
2.5625,259,53,44,
2.564453,240,53,44,
2.566406,213,53,44,
2.568359,163,53,44,
2.570313,99,53,44,
2.572266,74,53,44,
2.574219,117,53,44,
2.576172,157,53,44,
2.578125,131,53,44,
2.580078,66,53,44,
2.582031,26,53,44,
2.583984,17,53,44,
2.585938,16,53,44,
2.587891,5,53,44,
2.589844,-27,53,44,
2.591797,-66,53,44,
2.59375,-60,53,44,
2.595703,-41,53,44,
2.597656,-38,53,44,
2.599609,-42,53,44,
2.601563,-58,53,44,
2.603516,-51,53,44,
2.605469,-22,53,44,
2.607422,9,53,44,
2.609375,0,53,44,
2.611328,-39,53,44,
2.613281,-59,53,44,
2.615234,-69,53,44,
2.617188,-84,53,44,
2.619141,-104,53,44,
2.621094,-115,53,44,
2.623047,-109,53,44,
2.625,-105,53,44,
2.626953,-113,53,44,
2.628906,-146,53,44,
2.630859,-177,53,44,
2.632813,-174,53,44,
2.634766,-156,53,44,
2.636719,-153,53,44,
2.638672,-158,53,44,
2.640625,-150,53,44,
2.642578,-130,53,44,
2.644531,-104,53,44,
2.646484,-82,53,44,
2.648438,-77,53,44,
2.650391,-93,53,44,
2.652344,-116,53,44,
2.654297,-107,53,44,
2.65625,-81,53,44,
2.658203,-73,53,44,
2.660156,-105,53,44,
2.662109,-145,53,44,
2.664063,-145,53,44,
2.666016,-90,53,44,
2.667969,-44,53,44,
2.669922,-24,53,44,
2.671875,2,53,44,
2.673828,17,53,44,
2.675781,29,53,44,
2.677734,43,53,44,
2.679688,28,53,44,
2.681641,4,53,44,
2.683594,17,53,44,
2.685547,38,53,44,
2.6875,51,53,44,
2.689453,50,53,44,
2.691406,21,53,44,
2.693359,6,53,44,
2.695313,4,53,44,
2.697266,5,53,44,
2.699219,25,53,44,
2.701172,57,53,44,
2.703125,55,53,44,
2.705078,48,53,44,
2.707031,59,53,44,
2.708984,89,53,44,
2.710938,84,53,44,
2.712891,55,53,44,
2.714844,54,53,44,
2.716797,57,53,44,
2.71875,41,53,44,
2.720703,20,53,44,
2.722656,3,53,44,
2.724609,24,53,44,
2.726563,66,53,44,
2.728516,99,53,44,
2.730469,121,53,44,
2.732422,146,53,44,
2.734375,155,53,44,
2.736328,155,53,44,
2.738281,153,53,44,
2.740234,119,53,44,
2.742188,84,53,44,
2.744141,83,53,44,
2.746094,98,53,44,
2.748047,98,53,44,
2.75,85,53,44,
2.751953,91,53,44,
2.753906,117,53,44,
2.755859,115,53,44,
2.757813,98,53,44,
2.759766,97,53,44,
2.761719,101,53,44,
2.763672,101,53,44,
2.765625,97,53,44,
2.767578,88,53,44,
2.769531,65,53,44,
2.771484,37,53,44,
2.773438,49,53,44,
2.775391,85,53,44,
2.777344,101,53,44,
2.779297,99,53,44,
2.78125,87,53,44,
2.783203,90,53,44,
2.785156,98,53,44,
2.787109,117,53,44,
2.789063,148,53,44,
2.791016,156,53,44,
2.792969,131,53,44,
2.794922,108,53,44,
2.796875,132,53,44,
2.798828,156,53,44,
2.800781,149,53,44,
2.802734,124,53,44,
2.804688,92,53,44,
2.806641,64,53,44,
2.808594,90,53,44,
2.810547,156,53,44,
2.8125,192,53,44,
2.814453,193,53,44,
2.816406,177,53,44,
2.818359,169,53,44,
2.820313,192,53,44,
2.822266,226,53,44,
2.824219,224,53,44,
2.826172,187,53,44,
2.828125,168,53,44,
2.830078,144,53,44,
2.832031,113,53,44,
2.833984,113,53,44,
2.835938,128,53,44,
2.837891,118,53,44,
2.839844,72,53,44,
2.841797,12,53,44,
2.84375,-6,53,44,
2.845703,25,53,44,
2.847656,55,53,44,
2.849609,64,53,44,
2.851563,80,53,44,
2.853516,108,53,44,
2.855469,120,53,44,
2.857422,134,53,44,
2.859375,137,53,44,
2.861328,76,53,44,
2.863281,44,53,44,
2.865234,36,53,44,
2.867188,33,53,44,
2.869141,37,53,44,
2.871094,37,53,44,
2.873047,57,53,44,
2.875,97,53,44,
2.876953,99,53,44,
2.878906,57,53,44,
2.880859,13,53,44,
2.882813,17,53,44,
2.884766,57,53,44,
2.886719,86,53,44,
2.888672,85,53,44,
2.890625,59,53,44,
2.892578,26,53,44,
2.894531,25,53,44,
2.896484,99,53,44,
2.898438,181,53,44,
2.900391,208,53,44,
2.902344,187,53,44,
2.904297,163,53,44,
2.90625,148,53,44,
2.908203,141,53,44,
2.910156,129,53,44,
2.912109,116,53,44,
2.914063,86,53,44,
2.916016,72,53,44,
2.917969,96,53,44,
2.919922,157,53,44,
2.921875,198,53,44,
2.923828,168,53,44,
2.925781,120,53,44,
2.927734,119,53,44,
2.929688,150,53,44,
2.931641,162,53,44,
2.933594,152,53,44,
2.935547,114,53,44,
2.9375,70,53,44,
2.939453,74,53,44,
2.941406,120,53,44,
2.943359,152,53,44,
2.945313,137,53,44,
2.947266,122,53,44,
2.949219,121,53,44,
2.951172,112,53,44,
2.953125,90,53,44,
2.955078,77,53,44,
2.957031,83,53,44,
2.958984,89,53,44,
2.960938,91,53,44,
2.962891,85,53,44,
2.964844,82,53,44,
2.966797,81,53,44,
2.96875,89,53,44,
2.970703,105,53,44,
2.972656,116,53,44,
2.974609,114,53,44,
2.976563,116,53,44,
2.978516,136,53,44,
2.980469,148,53,44,
2.982422,124,53,44,
2.984375,80,53,44,
2.986328,54,53,44,
2.988281,66,53,44,
2.990234,98,53,44,
2.992188,117,53,44,
2.994141,123,53,44,
2.996094,139,53,44,
2.998047,154,53,44,
3,151,53,44,
3.001953,132,53,44,
3.003906,108,53,44,
3.005859,82,53,44,
3.007813,44,44,54,
3.009766,27,44,54,
3.011719,50,44,54,
3.013672,99,44,54,
3.015625,139,44,54,
3.017578,165,44,54,
3.019531,149,44,54,
3.021484,97,44,54,
3.023438,66,44,54,
3.025391,76,44,54,
3.027344,83,44,54,
3.029297,76,44,54,
3.03125,89,44,54,
3.033203,90,44,54,
3.035156,54,44,54,
3.037109,36,44,54,
3.039063,56,44,54,
3.041016,98,44,54,
3.042969,112,44,54,
3.044922,92,44,54,
3.046875,67,44,54,
3.048828,60,44,54,
3.050781,68,44,54,
3.052734,83,44,54,
3.054688,102,44,54,
3.056641,114,44,54,
3.058594,128,44,54,
3.060547,106,44,54,
3.0625,70,44,54,
3.064453,55,44,54,
3.066406,68,44,54,
3.068359,69,44,54,
3.070313,49,44,54,
3.072266,48,44,54,
3.074219,85,44,54,
3.076172,136,44,54,
3.078125,172,44,54,
3.080078,192,44,54,
3.082031,172,44,54,
3.083984,152,44,54,
3.085938,139,44,54,
3.087891,135,44,54,
3.089844,137,44,54,
3.091797,163,44,54,
3.09375,169,44,54,
3.095703,164,44,54,
3.097656,155,44,54,
3.099609,134,44,54,
3.101563,113,44,54,
3.103516,102,44,54,
3.105469,75,44,54,
3.107422,68,44,54,
3.109375,87,44,54,
3.111328,92,44,54,
3.113281,102,44,54,
3.115234,120,44,54,
3.117188,140,44,54,
3.119141,149,44,54,
3.121094,140,44,54,
3.123047,152,44,54,
3.125,160,44,54,
3.126953,149,44,54,
3.128906,130,44,54,
3.130859,105,44,54,
3.132813,101,44,54,
3.134766,104,44,54,
3.136719,93,44,54,
3.138672,77,44,54,
3.140625,57,44,54,
3.142578,27,44,54,
3.144531,-5,44,54,
3.146484,-17,44,54,
3.148438,2,44,54,
3.150391,6,44,54,
3.152344,7,44,54,
3.154297,21,44,54,
3.15625,9,44,54,
3.158203,25,44,54,
3.160156,68,44,54,
3.162109,90,44,54,
3.164063,96,44,54,
3.166016,99,44,54,
3.167969,101,44,54,
3.169922,92,44,54,
3.171875,81,44,54,
3.173828,59,44,54,
3.175781,45,44,54,
3.177734,65,44,54,
3.179688,56,44,54,
3.181641,9,44,54,
3.183594,-6,44,54,
3.185547,33,44,54,
3.1875,89,44,54,
3.189453,121,44,54,
3.191406,130,44,54,
3.193359,115,44,54,
3.195313,89,44,54,
3.197266,101,44,54,
3.199219,150,44,54,
3.201172,184,44,54,
3.203125,166,44,54,
3.205078,128,44,54,
3.207031,98,44,54,
3.208984,81,44,54,
3.210938,71,44,54,
3.212891,85,44,54,
3.214844,119,44,54,
3.216797,139,44,54,
3.21875,122,44,54,
3.220703,106,44,54,
3.222656,103,44,54,
3.224609,100,44,54,
3.226563,87,44,54,
3.228516,81,44,54,
3.230469,88,44,54,
3.232422,102,44,54,
3.234375,97,44,54,
3.236328,86,44,54,
3.238281,93,44,54,
3.240234,121,44,54,
3.242188,134,44,54,
3.244141,115,44,54,
3.246094,96,44,54,
3.248047,91,44,54,
3.25,85,44,54,
3.251953,50,44,54,
3.253906,28,44,54,
3.255859,40,44,54,
3.257813,57,44,54,
3.259766,65,44,54,
3.261719,61,44,54,
3.263672,66,44,54,
3.265625,48,44,54,
3.267578,32,44,54,
3.269531,39,44,54,
3.271484,56,44,54,
3.273438,68,44,54,
3.275391,59,44,54,
3.277344,43,44,54,
3.279297,43,44,54,
3.28125,64,44,54,
3.283203,85,44,54,
3.285156,87,44,54,
3.287109,66,44,54,
3.289063,44,44,54,
3.291016,67,44,54,
3.292969,98,44,54,
3.294922,97,44,54,
3.296875,60,44,54,
3.298828,35,44,54,
3.300781,48,44,54,
3.302734,101,44,54,
3.304688,139,44,54,
3.306641,136,44,54,
3.308594,105,44,54,
3.310547,87,44,54,
3.3125,92,44,54,
3.314453,84,44,54,
3.316406,55,44,54,
3.318359,40,44,54,
3.320313,61,44,54,
3.322266,93,44,54,
3.324219,134,44,54,
3.326172,152,44,54,
3.328125,121,44,54,
3.330078,105,44,54,
3.332031,112,44,54,
3.333984,116,44,54,
3.335938,124,44,54,
3.337891,136,44,54,
3.339844,132,44,54,
3.341797,120,44,54,
3.34375,128,44,54,
3.345703,137,44,54,
3.347656,146,44,54,
3.349609,144,44,54,
3.351563,128,44,54,
3.353516,114,44,54,
3.355469,92,44,54,
3.357422,82,44,54,
3.359375,96,44,54,
3.361328,118,44,54,
3.363281,121,44,54,
3.365234,114,44,54,
3.367188,90,44,54,
3.369141,50,44,54,
3.371094,5,44,54,
3.373047,-11,44,54,
3.375,-12,44,54,
3.376953,-21,44,54,
3.378906,-14,44,54,
3.380859,1,44,54,
3.382813,20,44,54,
3.384766,34,44,54,
3.386719,69,44,54,
3.388672,102,44,54,
3.390625,108,44,54,
3.392578,105,44,54,
3.394531,93,44,54,
3.396484,104,44,54,
3.398438,121,44,54,
3.400391,128,44,54,
3.402344,97,44,54,
3.404297,52,44,54,
3.40625,50,44,54,
3.408203,83,44,54,
3.410156,98,44,54,
3.412109,84,44,54,
3.414063,69,44,54,
3.416016,70,44,54,
3.417969,72,44,54,
3.419922,55,44,54,
3.421875,55,44,54,
3.423828,71,44,54,
3.425781,73,44,54,
3.427734,57,44,54,
3.429688,60,44,54,
3.431641,100,44,54,
3.433594,130,44,54,
3.435547,129,44,54,
3.4375,109,44,54,
3.439453,88,44,54,
3.441406,81,44,54,
3.443359,86,44,54,
3.445313,90,44,54,
3.447266,100,44,54,
3.449219,112,44,54,
3.451172,97,44,54,
3.453125,89,44,54,
3.455078,118,44,54,
3.457031,151,44,54,
3.458984,148,44,54,
3.460938,113,44,54,
3.462891,72,44,54,
3.464844,56,44,54,
3.466797,70,44,54,
3.46875,74,44,54,
3.470703,65,44,54,
3.472656,59,44,54,
3.474609,97,44,54,
3.476563,139,44,54,
3.478516,152,44,54,
3.480469,133,44,54,
3.482422,101,44,54,
3.484375,65,44,54,
3.486328,40,44,54,
3.488281,19,44,54,
3.490234,1,44,54,
3.492188,-20,44,54,
3.494141,-30,44,54,
3.496094,1,44,54,
3.498047,50,44,54,
3.5,72,44,54,
3.501953,89,44,54,
3.503906,128,44,54,
3.505859,138,44,54,
3.507813,81,44,54,
3.509766,6,44,54,
3.511719,-8,44,54,
3.513672,33,44,54,
3.515625,90,44,54,
3.517578,130,44,54,
3.519531,154,44,54,
3.521484,165,44,54,
3.523438,149,44,54,
3.525391,118,44,54,
3.527344,118,44,54,
3.529297,145,44,54,
3.53125,118,44,54,
3.533203,51,44,54,
3.535156,9,44,54,
3.537109,16,44,54,
3.539063,40,44,54,
3.541016,83,44,54,
3.542969,116,44,54,
3.544922,120,44,54,
3.546875,123,44,54,
3.548828,115,44,54,
3.550781,83,44,54,
3.552734,33,44,54,
3.554688,6,44,54,
3.556641,17,44,54,
3.558594,64,44,54,
3.560547,137,44,54,
3.5625,193,44,54,
3.564453,184,44,54,
3.566406,140,44,54,
3.568359,119,44,54,
3.570313,119,44,54,
3.572266,118,44,54,
3.574219,99,44,54,
3.576172,66,44,54,
3.578125,42,44,54,
3.580078,22,44,54,
3.582031,24,44,54,
3.583984,68,44,54,
3.585938,140,44,54,
3.587891,193,44,54,
3.589844,185,44,54,
3.591797,161,44,54,
3.59375,124,44,54,
3.595703,76,44,54,
3.597656,56,44,54,
3.599609,102,44,54,
3.601563,130,44,54,
3.603516,106,44,54,
3.605469,96,44,54,
3.607422,128,44,54,
3.609375,167,44,54,
3.611328,162,44,54,
3.613281,130,44,54,
3.615234,137,44,54,
3.617188,156,44,54,
3.619141,135,44,54,
3.621094,106,44,54,
3.623047,100,44,54,
3.625,99,44,54,
3.626953,103,44,54,
3.628906,91,44,54,
3.630859,87,44,54,
3.632813,90,44,54,
3.634766,75,44,54,
3.636719,36,44,54,
3.638672,10,44,54,
3.640625,33,44,54,
3.642578,85,44,54,
3.644531,122,44,54,
3.646484,119,44,54,
3.648438,114,44,54,
3.650391,141,44,54,
3.652344,186,44,54,
3.654297,205,44,54,
3.65625,179,44,54,
3.658203,118,44,54,
3.660156,87,44,54,
3.662109,108,44,54,
3.664063,119,44,54,
3.666016,90,44,54,
3.667969,52,44,54,
3.669922,37,44,54,
3.671875,28,44,54,
3.673828,22,44,54,
3.675781,19,44,54,
3.677734,26,44,54,
3.679688,9,44,54,
3.681641,-18,44,54,
3.683594,-26,44,54,
3.685547,-10,44,54,
3.6875,10,44,54,
3.689453,52,44,54,
3.691406,91,44,54,
3.693359,108,44,54,
3.695313,133,44,54,
3.697266,149,44,54,
3.699219,140,44,54,
3.701172,118,44,54,
3.703125,119,44,54,
3.705078,131,44,54,
3.707031,131,44,54,
3.708984,132,44,54,
3.710938,128,44,54,
3.712891,116,44,54,
3.714844,82,44,54,
3.716797,53,44,54,
3.71875,53,44,54,
3.720703,74,44,54,
3.722656,97,44,54,
3.724609,132,44,54,
3.726563,164,44,54,
3.728516,154,44,54,
3.730469,131,44,54,
3.732422,140,44,54,
3.734375,171,44,54,
3.736328,188,44,54,
3.738281,186,44,54,
3.740234,185,44,54,
3.742188,178,44,54,
3.744141,173,44,54,
3.746094,171,44,54,
3.748047,155,44,54,
3.75,128,44,54,
3.751953,113,44,54,
3.753906,107,44,54,
3.755859,85,44,54,
3.757813,66,44,54,
3.759766,56,44,54,
3.761719,64,44,54,
3.763672,87,44,54,
3.765625,103,44,54,
3.767578,105,44,54,
3.769531,90,44,54,
3.771484,49,44,54,
3.773438,12,44,54,
3.775391,35,44,54,
3.777344,83,44,54,
3.779297,100,44,54,
3.78125,89,44,54,
3.783203,84,44,54,
3.785156,82,44,54,
3.787109,58,44,54,
3.789063,27,44,54,
3.791016,24,44,54,
3.792969,39,44,54,
3.794922,51,44,54,
3.796875,67,44,54,
3.798828,89,44,54,
3.800781,81,44,54,
3.802734,40,44,54,
3.804688,29,44,54,
3.806641,54,44,54,
3.808594,65,44,54,
3.810547,50,44,54,
3.8125,32,44,54,
3.814453,19,44,54,
3.816406,40,44,54,
3.818359,102,44,54,
3.820313,167,44,54,
3.822266,187,44,54,
3.824219,164,44,54,
3.826172,146,44,54,
3.828125,133,44,54,
3.830078,113,44,54,
3.832031,87,44,54,
3.833984,77,44,54,
3.835938,76,44,54,
3.837891,70,44,54,
3.839844,54,44,54,
3.841797,27,44,54,
3.84375,8,44,54,
3.845703,26,44,54,
3.847656,56,44,54,
3.849609,54,44,54,
3.851563,34,44,54,
3.853516,35,44,54,
3.855469,66,44,54,
3.857422,118,44,54,
3.859375,151,44,54,
3.861328,157,44,54,
3.863281,148,44,54,
3.865234,120,44,54,
3.867188,100,44,54,
3.869141,80,44,54,
3.871094,55,44,54,
3.873047,25,44,54,
3.875,6,44,54,
3.876953,34,44,54,
3.878906,96,44,54,
3.880859,153,44,54,
3.882813,169,44,54,
3.884766,147,44,54,
3.886719,113,44,54,
3.888672,100,44,54,
3.890625,112,44,54,
3.892578,104,44,54,
3.894531,67,44,54,
3.896484,37,44,54,
3.898438,48,44,54,
3.900391,68,44,54,
3.902344,67,44,54,
3.904297,52,44,54,
3.90625,42,44,54,
3.908203,22,44,54,
3.910156,-9,44,54,
3.912109,-35,44,54,
3.914063,-42,44,54,
3.916016,-28,44,54,
3.917969,-11,44,54,
3.919922,-7,44,54,
3.921875,-11,44,54,
3.923828,-26,44,54,
3.925781,-50,44,54,
3.927734,-82,44,54,
3.929688,-104,44,54,
3.931641,-110,44,54,
3.933594,-102,44,54,
3.935547,-85,44,54,
3.9375,-87,44,54,
3.939453,-91,44,54,
3.941406,-100,44,54,
3.943359,-117,44,54,
3.945313,-116,44,54,
3.947266,-114,44,54,
3.949219,-123,44,54,
3.951172,-135,44,54,
3.953125,-133,44,54,
3.955078,-129,44,54,
3.957031,-104,44,54,
3.958984,-87,44,54,
3.960938,-93,44,54,
3.962891,-85,44,54,
3.964844,-50,44,54,
3.966797,-43,44,54,
3.96875,-51,44,54,
3.970703,-34,44,54,
3.972656,2,44,54,
3.974609,26,44,54,
3.976563,22,44,54,
3.978516,6,44,54,
3.980469,37,44,54,
3.982422,97,44,54,
3.984375,108,44,54,
3.986328,80,44,54,
3.988281,56,44,54,
3.990234,73,44,54,
3.992188,124,44,54,
3.994141,147,44,54,
3.996094,118,44,54,
3.998047,81,44,54,
4,71,44,54,
4.001953,86,44,54,
4.003906,85,44,54,
4.005859,60,43,63,
4.007813,57,43,63,
4.009766,80,43,63,
4.011719,91,43,63,
4.013672,109,43,63,
4.015625,132,43,63,
4.017578,149,43,63,
4.019531,148,43,63,
4.021484,160,43,63,
4.023438,176,43,63,
4.025391,163,43,63,
4.027344,128,43,63,
4.029297,99,43,63,
4.03125,80,43,63,
4.033203,51,43,63,
4.035156,19,43,63,
4.037109,21,43,63,
4.039063,69,43,63,
4.041016,130,43,63,
4.042969,145,43,63,
4.044922,124,43,63,
4.046875,108,43,63,
4.048828,118,43,63,
4.050781,144,43,63,
4.052734,148,43,63,
4.054688,150,43,63,
4.056641,165,43,63,
4.058594,195,43,63,
4.060547,231,43,63,
4.0625,263,43,63,
4.064453,274,43,63,
4.066406,263,43,63,
4.068359,249,43,63,
4.070313,247,43,63,
4.072266,256,43,63,
4.074219,252,43,63,
4.076172,231,43,63,
4.078125,208,43,63,
4.080078,211,43,63,
4.082031,221,43,63,
4.083984,220,43,63,
4.085938,214,43,63,
4.087891,228,43,63,
4.089844,231,43,63,
4.091797,186,43,63,
4.09375,144,43,63,
4.095703,147,43,63,
4.097656,172,43,63,
4.099609,178,43,63,
4.101563,170,43,63,
4.103516,169,43,63,
4.105469,177,43,63,
4.107422,188,43,63,
4.109375,201,43,63,
4.111328,200,43,63,
4.113281,176,43,63,
4.115234,149,43,63,
4.117188,120,43,63,
4.119141,100,43,63,
4.121094,108,43,63,
4.123047,139,43,63,
4.125,147,43,63,
4.126953,122,43,63,
4.128906,100,43,63,
4.130859,99,43,63,
4.132813,118,43,63,
4.134766,141,43,63,
4.136719,153,43,63,
4.138672,169,43,63,
4.140625,182,43,63,
4.142578,172,43,63,
4.144531,145,43,63,
4.146484,120,43,63,
4.148438,114,43,63,
4.150391,105,43,63,
4.152344,90,43,63,
4.154297,90,43,63,
4.15625,106,43,63,
4.158203,136,43,63,
4.160156,132,43,63,
4.162109,128,43,63,
4.164063,132,43,63,
4.166016,129,43,63,
4.167969,105,43,63,
4.169922,82,43,63,
4.171875,80,43,63,
4.173828,75,43,63,
4.175781,61,43,63,
4.177734,55,43,63,
4.179688,48,43,63,
4.181641,36,43,63,
4.183594,36,43,63,
4.185547,48,43,63,
4.1875,69,43,63,
4.189453,96,43,63,
4.191406,122,43,63,
4.193359,133,43,63,
4.195313,149,43,63,
4.197266,185,43,63,
4.199219,226,43,63,
4.201172,233,43,63,
4.203125,209,43,63,
4.205078,169,43,63,
4.207031,160,43,63,
4.208984,166,43,63,
4.210938,157,43,63,
4.212891,153,43,63,
4.214844,169,43,63,
4.216797,200,43,63,
4.21875,192,43,63,
4.220703,117,43,63,
4.222656,53,43,63,
4.224609,39,43,63,
4.226563,51,43,63,
4.228516,48,43,63,
4.230469,33,43,63,
4.232422,22,43,63,
4.234375,19,43,63,
4.236328,35,43,63,
4.238281,41,43,63,
4.240234,42,43,63,
4.242188,57,43,63,
4.244141,58,43,63,
4.246094,58,43,63,
4.248047,66,43,63,
4.25,82,43,63,
4.251953,93,43,63,
4.253906,77,43,63,
4.255859,73,43,63,
4.257813,89,43,63,
4.259766,98,43,63,
4.261719,96,43,63,
4.263672,104,43,63,
4.265625,118,43,63,
4.267578,123,43,63,
4.269531,106,43,63,
4.271484,86,43,63,
4.273438,104,43,63,
4.275391,129,43,63,
4.277344,121,43,63,
4.279297,100,43,63,
4.28125,88,43,63,
4.283203,96,43,63,
4.285156,108,43,63,
4.287109,104,43,63,
4.289063,66,43,63,
4.291016,18,43,63,
4.292969,6,43,63,
4.294922,26,43,63,
4.296875,45,43,63,
4.298828,25,43,63,
4.300781,11,43,63,
4.302734,35,43,63,
4.304688,69,43,63,
4.306641,83,43,63,
4.308594,84,43,63,
4.310547,76,43,63,
4.3125,66,43,63,
4.314453,51,43,63,
4.316406,51,43,63,
4.318359,56,43,63,
4.320313,71,43,63,
4.322266,109,43,63,
4.324219,145,43,63,
4.326172,168,43,63,
4.328125,173,43,63,
4.330078,166,43,63,
4.332031,164,43,63,
4.333984,166,43,63,
4.335938,156,43,63,
4.337891,122,43,63,
4.339844,89,43,63,
4.341797,76,43,63,
4.34375,76,43,63,
4.345703,85,43,63,
4.347656,85,43,63,
4.349609,88,43,63,
4.351563,99,43,63,
4.353516,108,43,63,
4.355469,122,43,63,
4.357422,135,43,63,
4.359375,134,43,63,
4.361328,117,43,63,
4.363281,108,43,63,
4.365234,135,43,63,
4.367188,161,43,63,
4.369141,139,43,63,
4.371094,92,43,63,
4.373047,61,43,63,
4.375,56,43,63,
4.376953,53,43,63,
4.378906,59,43,63,
4.380859,65,43,63,
4.382813,80,43,63,
4.384766,91,43,63,
4.386719,105,43,63,
4.388672,147,43,63,
4.390625,192,43,63,
4.392578,197,43,63,
4.394531,204,43,63,
4.396484,214,43,63,
4.398438,201,43,63,
4.400391,182,43,63,
4.402344,161,43,63,
4.404297,163,43,63,
4.40625,153,43,63,
4.408203,122,43,63,
4.410156,115,43,63,
4.412109,129,43,63,
4.414063,155,43,63,
4.416016,169,43,63,
4.417969,155,43,63,
4.419922,140,43,63,
4.421875,132,43,63,
4.423828,113,43,63,
4.425781,105,43,63,
4.427734,106,43,63,
4.429688,98,43,63,
4.431641,81,43,63,
4.433594,74,43,63,
4.435547,80,43,63,
4.4375,82,43,63,
4.439453,81,43,63,
4.441406,71,43,63,
4.443359,56,43,63,
4.445313,60,43,63,
4.447266,69,43,63,
4.449219,68,43,63,
4.451172,71,43,63,
4.453125,68,43,63,
4.455078,56,43,63,
4.457031,53,43,63,
4.458984,49,43,63,
4.460938,45,43,63,
4.462891,51,43,63,
4.464844,40,43,63,
4.466797,38,43,63,
4.46875,59,43,63,
4.470703,73,43,63,
4.472656,73,43,63,
4.474609,67,43,63,
4.476563,72,43,63,
4.478516,92,43,63,
4.480469,93,43,63,
4.482422,77,43,63,
4.484375,55,43,63,
4.486328,58,43,63,
4.488281,96,43,63,
4.490234,134,43,63,
4.492188,150,43,63,
4.494141,144,43,63,
4.496094,119,43,63,
4.498047,89,43,63,
4.5,68,43,63,
4.501953,56,43,63,
4.503906,52,43,63,
4.505859,65,43,63,
4.507813,86,43,63,
4.509766,86,43,63,
4.511719,76,43,63,
4.513672,86,43,63,
4.515625,112,43,63,
4.517578,123,43,63,
4.519531,112,43,63,
4.521484,104,43,63,
4.523438,134,43,63,
4.525391,173,43,63,
4.527344,194,43,63,
4.529297,185,43,63,
4.53125,163,43,63,
4.533203,153,43,63,
4.535156,166,43,63,
4.537109,168,43,63,
4.539063,141,43,63,
4.541016,118,43,63,
4.542969,114,43,63,
4.544922,103,43,63,
4.546875,91,43,63,
4.548828,92,43,63,
4.550781,99,43,63,
4.552734,105,43,63,
4.554688,92,43,63,
4.556641,67,43,63,
4.558594,50,43,63,
4.560547,44,43,63,
4.5625,50,43,63,
4.564453,54,43,63,
4.566406,52,43,63,
4.568359,49,43,63,
4.570313,50,43,63,
4.572266,38,43,63,
4.574219,21,43,63,
4.576172,26,43,63,
4.578125,57,43,63,
4.580078,80,43,63,
4.582031,73,43,63,
4.583984,67,43,63,
4.585938,69,43,63,
4.587891,71,43,63,
4.589844,90,43,63,
4.591797,99,43,63,
4.59375,106,43,63,
4.595703,129,43,63,
4.597656,129,43,63,
4.599609,123,43,63,
4.601563,147,43,63,
4.603516,192,43,63,
4.605469,199,43,63,
4.607422,167,43,63,
4.609375,139,43,63,
4.611328,136,43,63,
4.613281,137,43,63,
4.615234,108,43,63,
4.617188,72,43,63,
4.619141,57,43,63,
4.621094,60,43,63,
4.623047,64,43,63,
4.625,58,43,63,
4.626953,55,43,63,
4.628906,52,43,63,
4.630859,37,43,63,
4.632813,8,43,63,
4.634766,-12,43,63,
4.636719,-10,43,63,
4.638672,2,43,63,
4.640625,18,43,63,
4.642578,37,43,63,
4.644531,42,43,63,
4.646484,44,43,63,
4.648438,70,43,63,
4.650391,96,43,63,
4.652344,101,43,63,
4.654297,90,43,63,
4.65625,85,43,63,
4.658203,80,43,63,
4.660156,72,43,63,
4.662109,84,43,63,
4.664063,101,43,63,
4.666016,93,43,63,
4.667969,71,43,63,
4.669922,41,43,63,
4.671875,18,43,63,
4.673828,22,43,63,
4.675781,50,43,63,
4.677734,65,43,63,
4.679688,43,43,63,
4.681641,28,43,63,
4.683594,38,43,63,
4.685547,64,43,63,
4.6875,85,43,63,
4.689453,99,43,63,
4.691406,107,43,63,
4.693359,99,43,63,
4.695313,66,43,63,
4.697266,35,43,63,
4.699219,43,43,63,
4.701172,68,43,63,
4.703125,74,43,63,
4.705078,57,43,63,
4.707031,48,43,63,
4.708984,57,43,63,
4.710938,55,43,63,
4.712891,38,43,63,
4.714844,38,43,63,
4.716797,53,43,63,
4.71875,68,43,63,
4.720703,64,43,63,
4.722656,60,43,63,
4.724609,65,43,63,
4.726563,71,43,63,
4.728516,97,43,63,
4.730469,116,43,63,
4.732422,128,43,63,
4.734375,132,43,63,
4.736328,136,43,63,
4.738281,139,43,63,
4.740234,124,43,63,
4.742188,102,43,63,
4.744141,75,43,63,
4.746094,54,43,63,
4.748047,43,43,63,
4.75,52,43,63,
4.751953,81,43,63,
4.753906,91,43,63,
4.755859,97,43,63,
4.757813,107,43,63,
4.759766,98,43,63,
4.761719,73,43,63,
4.763672,77,43,63,
4.765625,101,43,63,
4.767578,96,43,63,
4.769531,88,43,63,
4.771484,88,43,63,
4.773438,83,43,63,
4.775391,87,43,63,
4.777344,105,43,63,
4.779297,124,43,63,
4.78125,144,43,63,
4.783203,146,43,63,
4.785156,133,43,63,
4.787109,125,43,63,
4.789063,135,43,63,
4.791016,144,43,63,
4.792969,160,43,63,
4.794922,173,43,63,
4.796875,169,43,63,
4.798828,153,43,63,
4.800781,124,43,63,
4.802734,83,43,63,
4.804688,56,43,63,
4.806641,39,43,63,
4.808594,41,43,63,
4.810547,49,43,63,
4.8125,41,43,63,
4.814453,53,43,63,
4.816406,71,43,63,
4.818359,73,43,63,
4.820313,69,43,63,
4.822266,91,43,63,
4.824219,105,43,63,
4.826172,97,43,63,
4.828125,88,43,63,
4.830078,90,43,63,
4.832031,109,43,63,
4.833984,128,43,63,
4.835938,132,43,63,
4.837891,129,43,63,
4.839844,133,43,63,
4.841797,145,43,63,
4.84375,139,43,63,
4.845703,124,43,63,
4.847656,113,43,63,
4.849609,93,43,63,
4.851563,74,43,63,
4.853516,61,43,63,
4.855469,55,43,63,
4.857422,42,43,63,
4.859375,24,43,63,
4.861328,18,43,63,
4.863281,26,43,63,
4.865234,35,43,63,
4.867188,35,43,63,
4.869141,43,43,63,
4.871094,71,43,63,
4.873047,82,43,63,
4.875,73,43,63,
4.876953,76,43,63,
4.878906,84,43,63,
4.880859,70,43,63,
4.882813,49,43,63,
4.884766,49,43,63,
4.886719,80,43,63,
4.888672,107,43,63,
4.890625,108,43,63,
4.892578,90,43,63,
4.894531,77,43,63,
4.896484,84,43,63,
4.898438,101,43,63,
4.900391,123,43,63,
4.902344,118,43,63,
4.904297,85,43,63,
4.90625,58,43,63,
4.908203,50,43,63,
4.910156,44,43,63,
4.912109,40,43,63,
4.914063,38,43,63,
4.916016,36,43,63,
4.917969,55,43,63,
4.919922,100,43,63,
4.921875,133,43,63,
4.923828,141,43,63,
4.925781,139,43,63,
4.927734,161,43,63,
4.929688,193,43,63,
4.931641,200,43,63,
4.933594,184,43,63,
4.935547,180,43,63,
4.9375,186,43,63,
4.939453,180,43,63,
4.941406,152,43,63,
4.943359,130,43,63,
4.945313,139,43,63,
4.947266,151,43,63,
4.949219,129,43,63,
4.951172,100,43,63,
4.953125,101,43,63,
4.955078,128,43,63,
4.957031,147,43,63,
4.958984,150,43,63,
4.960938,122,43,63,
4.962891,81,43,63,
4.964844,64,43,63,
4.966797,64,43,63,
4.96875,52,43,63,
4.970703,29,43,63,
4.972656,18,43,63,
4.974609,-2,43,63,
4.976563,-5,43,63,
4.978516,11,43,63,
4.980469,18,43,63,
4.982422,16,43,63,
4.984375,22,43,63,
4.986328,41,43,63,
4.988281,40,43,63,
4.990234,25,43,63,
4.992188,24,43,63,
4.994141,32,43,63,
4.996094,35,43,63,
4.998047,59,43,63,
5,90,43,63,
5.001953,100,56,75,
5.003906,87,56,75,
5.005859,87,56,75,
5.007813,108,56,75,
5.009766,123,56,75,
5.011719,130,56,75,
5.013672,122,56,75,
5.015625,113,56,75,
5.017578,115,56,75,
5.019531,128,56,75,
5.021484,129,56,75,
5.023438,88,56,75,
5.025391,40,56,75,
5.027344,35,56,75,
5.029297,81,56,75,
5.03125,118,56,75,
5.033203,115,56,75,
5.035156,99,56,75,
5.037109,112,56,75,
5.039063,136,56,75,
5.041016,150,56,75,
5.042969,150,56,75,
5.044922,129,56,75,
5.046875,105,56,75,
5.048828,85,56,75,
5.050781,64,56,75,
5.052734,44,56,75,
5.054688,65,56,75,
5.056641,101,56,75,
5.058594,106,56,75,
5.060547,88,56,75,
5.0625,76,56,75,
5.064453,93,56,75,
5.066406,116,56,75,
5.068359,117,56,75,
5.070313,105,56,75,
5.072266,105,56,75,
5.074219,100,56,75,
5.076172,101,56,75,
5.078125,108,56,75,
5.080078,96,56,75,
5.082031,53,56,75,
5.083984,42,56,75,
5.085938,89,56,75,
5.087891,123,56,75,
5.089844,102,56,75,
5.091797,72,56,75,
5.09375,56,56,75,
5.095703,52,56,75,
5.097656,57,56,75,
5.099609,45,56,75,
5.101563,11,56,75,
5.103516,-28,56,75,
5.105469,-26,56,75,
5.107422,29,56,75,
5.109375,88,56,75,
5.111328,108,56,75,
5.113281,134,56,75,
5.115234,178,56,75,
5.117188,216,56,75,
5.119141,248,56,75,
5.121094,281,56,75,
5.123047,300,56,75,
5.125,306,56,75,
5.126953,322,56,75,
5.128906,349,56,75,
5.130859,395,56,75,
5.132813,439,56,75,
5.134766,437,56,75,
5.136719,404,56,75,
5.138672,408,56,75,
5.140625,460,56,75,
5.142578,491,56,75,
5.144531,484,56,75,
5.146484,484,56,75,
5.148438,498,56,75,
5.150391,499,56,75,
5.152344,502,56,75,
5.154297,529,56,75,
5.15625,532,56,75,
5.158203,486,56,75,
5.160156,417,56,75,
5.162109,361,56,75,
5.164063,358,56,75,
5.166016,372,56,75,
5.167969,359,56,75,
5.169922,297,56,75,
5.171875,234,56,75,
5.173828,210,56,75,
5.175781,193,56,75,
5.177734,153,56,75,
5.179688,134,56,75,
5.181641,145,56,75,
5.183594,141,56,75,
5.185547,100,56,75,
5.1875,53,56,75,
5.189453,58,56,75,
5.191406,113,56,75,
5.193359,118,56,75,
5.195313,57,56,75,
5.197266,-4,56,75,
5.199219,-36,56,75,
5.201172,-11,56,75,
5.203125,4,56,75,
5.205078,-61,56,75,
5.207031,-167,56,75,
5.208984,-183,56,75,
5.210938,-119,56,75,
5.212891,-54,56,75,
5.214844,-10,56,75,
5.216797,6,56,75,
5.21875,-33,56,75,
5.220703,-91,56,75,
5.222656,-140,56,75,
5.224609,-138,56,75,
5.226563,-109,56,75,
5.228516,-124,56,75,
5.230469,-164,56,75,
5.232422,-74,56,75,
5.234375,-20,56,75,
5.236328,-39,56,75,
5.238281,-82,56,75,
5.240234,-93,56,75,
5.242188,-59,56,75,
5.244141,-26,56,75,
5.246094,-62,56,75,
5.248047,-106,56,75,
5.25,-90,56,75,
5.251953,-30,56,75,
5.253906,1,56,75,
5.255859,-9,56,75,
5.257813,-6,56,75,
5.259766,9,56,75,
5.261719,25,56,75,
5.263672,28,56,75,
5.265625,27,56,75,
5.267578,28,56,75,
5.269531,49,56,75,
5.271484,75,56,75,
5.273438,40,56,75,
5.275391,-50,56,75,
5.277344,-108,56,75,
5.279297,-102,56,75,
5.28125,-71,56,75,
5.283203,-49,56,75,
5.285156,-49,56,75,
5.287109,-75,56,75,
5.289063,-101,56,75,
5.291016,-75,56,75,
5.292969,-9,56,75,
5.294922,39,56,75,
5.296875,35,56,75,
5.298828,4,56,75,
5.300781,-12,56,75,
5.302734,0,56,75,
5.304688,42,56,75,
5.306641,49,56,75,
5.308594,-1,56,75,
5.310547,-38,56,75,
5.3125,-39,56,75,
5.314453,-34,56,75,
5.316406,-57,56,75,
5.318359,-91,56,75,
5.320313,-100,56,75,
5.322266,-69,56,75,
5.324219,-24,56,75,
5.326172,17,56,75,
5.328125,44,56,75,
5.330078,51,56,75,
5.332031,28,56,75,
5.333984,11,56,75,
5.335938,34,56,75,
5.337891,75,56,75,
5.339844,84,56,75,
5.341797,72,56,75,
5.34375,50,56,75,
5.345703,24,56,75,
5.347656,39,56,75,
5.349609,84,56,75,
5.351563,125,56,75,
5.353516,154,56,75,
5.355469,178,56,75,
5.357422,168,56,75,
5.359375,139,56,75,
5.361328,100,56,75,
5.363281,76,56,75,
5.365234,91,56,75,
5.367188,112,56,75,
5.369141,100,56,75,
5.371094,77,56,75,
5.373047,89,56,75,
5.375,93,56,75,
5.376953,66,56,75,
5.378906,72,56,75,
5.380859,138,56,75,
5.382813,167,56,75,
5.384766,117,56,75,
5.386719,73,56,75,
5.388672,82,56,75,
5.390625,101,56,75,
5.392578,112,56,75,
5.394531,114,56,75,
5.396484,91,56,75,
5.398438,38,56,75,
5.400391,-14,56,75,
5.402344,-12,56,75,
5.404297,29,56,75,
5.40625,53,56,75,
5.408203,85,56,75,
5.410156,107,56,75,
5.412109,104,56,75,
5.414063,87,56,75,
5.416016,88,56,75,
5.417969,96,56,75,
5.419922,80,56,75,
5.421875,57,56,75,
5.423828,19,56,75,
5.425781,-26,56,75,
5.427734,-19,56,75,
5.429688,40,56,75,
5.431641,82,56,75,
5.433594,75,56,75,
5.435547,38,56,75,
5.4375,11,56,75,
5.439453,0,56,75,
5.441406,-4,56,75,
5.443359,-2,56,75,
5.445313,11,56,75,
5.447266,3,56,75,
5.449219,-8,56,75,
5.451172,19,56,75,
5.453125,56,56,75,
5.455078,72,56,75,
5.457031,80,56,75,
5.458984,86,56,75,
5.460938,92,56,75,
5.462891,85,56,75,
5.464844,74,56,75,
5.466797,68,56,75,
5.46875,67,56,75,
5.470703,68,56,75,
5.472656,60,56,75,
5.474609,53,56,75,
5.476563,39,56,75,
5.478516,12,56,75,
5.480469,22,56,75,
5.482422,40,56,75,
5.484375,37,56,75,
5.486328,39,56,75,
5.488281,82,56,75,
5.490234,122,56,75,
5.492188,113,56,75,
5.494141,75,56,75,
5.496094,64,56,75,
5.498047,72,56,75,
5.5,87,56,75,
5.501953,97,56,75,
5.503906,88,56,75,
5.505859,58,56,75,
5.507813,42,56,75,
5.509766,66,56,75,
5.511719,83,56,75,
5.513672,70,56,75,
5.515625,64,56,75,
5.517578,80,56,75,
5.519531,104,56,75,
5.521484,122,56,75,
5.523438,124,56,75,
5.525391,122,56,75,
5.527344,123,56,75,
5.529297,112,56,75,
5.53125,70,56,75,
5.533203,51,56,75,
5.535156,67,56,75,
5.537109,93,56,75,
5.539063,92,56,75,
5.541016,60,56,75,
5.542969,44,56,75,
5.544922,59,56,75,
5.546875,74,56,75,
5.548828,56,56,75,
5.550781,45,56,75,
5.552734,57,56,75,
5.554688,48,56,75,
5.556641,24,56,75,
5.558594,18,56,75,
5.560547,33,56,75,
5.5625,54,56,75,
5.564453,53,56,75,
5.566406,33,56,75,
5.568359,35,56,75,
5.570313,65,56,75,
5.572266,81,56,75,
5.574219,67,56,75,
5.576172,35,56,75,
5.578125,18,56,75,
5.580078,21,56,75,
5.582031,23,56,75,
5.583984,23,56,75,
5.585938,24,56,75,
5.587891,20,56,75,
5.589844,32,56,75,
5.591797,48,56,75,
5.59375,53,56,75,
5.595703,85,56,75,
5.597656,138,56,75,
5.599609,154,56,75,
5.601563,145,56,75,
5.603516,152,56,75,
5.605469,178,56,75,
5.607422,203,56,75,
5.609375,215,56,75,
5.611328,200,56,75,
5.613281,149,56,75,
5.615234,85,56,75,
5.617188,54,56,75,
5.619141,59,56,75,
5.621094,76,56,75,
5.623047,90,56,75,
5.625,114,56,75,
5.626953,130,56,75,
5.628906,124,56,75,
5.630859,145,56,75,
5.632813,172,56,75,
5.634766,167,56,75,
5.636719,113,56,75,
5.638672,38,56,75,
5.640625,20,56,75,
5.642578,92,56,75,
5.644531,161,56,75,
5.646484,147,56,75,
5.648438,103,56,75,
5.650391,103,56,75,
5.652344,102,56,75,
5.654297,64,56,75,
5.65625,12,56,75,
5.658203,13,56,75,
5.660156,49,56,75,
5.662109,59,56,75,
5.664063,54,56,75,
5.666016,49,56,75,
5.667969,35,56,75,
5.669922,16,56,75,
5.671875,25,56,75,
5.673828,64,56,75,
5.675781,66,56,75,
5.677734,64,56,75,
5.679688,90,56,75,
5.681641,130,56,75,
5.683594,145,56,75,
5.685547,166,56,75,
5.6875,209,56,75,
5.689453,226,56,75,
5.691406,194,56,75,
5.693359,137,56,75,
5.695313,120,56,75,
5.697266,154,56,75,
5.699219,180,56,75,
5.701172,182,56,75,
5.703125,177,56,75,
5.705078,165,56,75,
5.707031,172,56,75,
5.708984,198,56,75,
5.710938,180,56,75,
5.712891,118,56,75,
5.714844,91,56,75,
5.716797,129,56,75,
5.71875,166,56,75,
5.720703,161,56,75,
5.722656,151,56,75,
5.724609,177,56,75,
5.726563,192,56,75,
5.728516,164,56,75,
5.730469,134,56,75,
5.732422,134,56,75,
5.734375,138,56,75,
5.736328,115,56,75,
5.738281,74,56,75,
5.740234,58,56,75,
5.742188,83,56,75,
5.744141,108,56,75,
5.746094,119,56,75,
5.748047,123,56,75,
5.75,128,56,75,
5.751953,141,56,75,
5.753906,152,56,75,
5.755859,128,56,75,
5.757813,85,56,75,
5.759766,68,56,75,
5.761719,68,56,75,
5.763672,54,56,75,
5.765625,21,56,75,
5.767578,2,56,75,
5.769531,-8,56,75,
5.771484,-1,56,75,
5.773438,18,56,75,
5.775391,33,56,75,
5.777344,45,56,75,
5.779297,51,56,75,
5.78125,51,56,75,
5.783203,57,56,75,
5.785156,66,56,75,
5.787109,70,56,75,
5.789063,92,56,75,
5.791016,151,56,75,
5.792969,216,56,75,
5.794922,215,56,75,
5.796875,164,56,75,
5.798828,146,56,75,
5.800781,178,56,75,
5.802734,195,56,75,
5.804688,189,56,75,
5.806641,183,56,75,
5.808594,164,56,75,
5.810547,134,56,75,
5.8125,144,56,75,
5.814453,178,56,75,
5.816406,186,56,75,
5.818359,157,56,75,
5.820313,120,56,75,
5.822266,85,56,75,
5.824219,53,56,75,
5.826172,37,56,75,
5.828125,49,56,75,
5.830078,93,56,75,
5.832031,133,56,75,
5.833984,156,56,75,
5.835938,161,56,75,
5.837891,148,56,75,
5.839844,148,56,75,
5.841797,166,56,75,
5.84375,173,56,75,
5.845703,161,56,75,
5.847656,136,56,75,
5.849609,135,56,75,
5.851563,146,56,75,
5.853516,112,56,75,
5.855469,48,56,75,
5.857422,16,56,75,
5.859375,39,56,75,
5.861328,42,56,75,
5.863281,23,56,75,
5.865234,25,56,75,
5.867188,72,56,75,
5.869141,128,56,75,
5.871094,144,56,75,
5.873047,151,56,75,
5.875,145,56,75,
5.876953,112,56,75,
5.878906,66,56,75,
5.880859,29,56,75,
5.882813,22,56,75,
5.884766,35,56,75,
5.886719,43,56,75,
5.888672,44,56,75,
5.890625,52,56,75,
5.892578,66,56,75,
5.894531,83,56,75,
5.896484,83,56,75,
5.898438,54,56,75,
5.900391,23,56,75,
5.902344,10,56,75,
5.904297,35,56,75,
5.90625,49,56,75,
5.908203,44,56,75,
5.910156,55,56,75,
5.912109,66,56,75,
5.914063,67,56,75,
5.916016,70,56,75,
5.917969,58,56,75,
5.919922,55,56,75,
5.921875,68,56,75,
5.923828,82,56,75,
5.925781,80,56,75,
5.927734,81,56,75,
5.929688,96,56,75,
5.931641,104,56,75,
5.933594,105,56,75,
5.935547,120,56,75,
5.9375,165,56,75,
5.939453,196,56,75,
5.941406,164,56,75,
5.943359,118,56,75,
5.945313,122,56,75,
5.947266,155,56,75,
5.949219,165,56,75,
5.951172,141,56,75,
5.953125,115,56,75,
5.955078,97,56,75,
5.957031,98,56,75,
5.958984,117,56,75,
5.960938,106,56,75,
5.962891,88,56,75,
5.964844,97,56,75,
5.966797,118,56,75,
5.96875,106,56,75,
5.970703,59,56,75,
5.972656,37,56,75,
5.974609,49,56,75,
5.976563,76,56,75,
5.978516,92,56,75,
5.980469,73,56,75,
5.982422,41,56,75,
5.984375,28,56,75,
5.986328,56,56,75,
5.988281,83,54,66,
5.990234,55,54,66,
5.992188,19,54,66,
5.994141,13,54,66,
5.996094,38,54,66,
5.998047,55,54,66,
6,60,54,66,
6.001953,54,54,66,
6.003906,41,54,66,
6.005859,41,54,66,
6.007813,70,54,66,
6.009766,100,54,66,
6.011719,100,54,66,
6.013672,74,54,66,
6.015625,64,54,66,
6.017578,88,54,66,
6.019531,115,54,66,
6.021484,102,54,66,
6.023438,65,54,66,
6.025391,44,54,66,
6.027344,43,54,66,
6.029297,27,54,66,
6.03125,4,54,66,
6.033203,0,54,66,
6.035156,34,54,66,
6.037109,75,54,66,
6.039063,85,54,66,
6.041016,85,54,66,
6.042969,81,54,66,
6.044922,77,54,66,
6.046875,51,54,66,
6.048828,21,54,66,
6.050781,-11,54,66,
6.052734,-5,54,66,
6.054688,53,54,66,
6.056641,87,54,66,
6.058594,89,54,66,
6.060547,98,54,66,
6.0625,138,54,66,
6.064453,176,54,66,
6.066406,188,54,66,
6.068359,184,54,66,
6.070313,171,54,66,
6.072266,161,54,66,
6.074219,132,54,66,
6.076172,96,54,66,
6.078125,72,54,66,
6.080078,70,54,66,
6.082031,81,54,66,
6.083984,80,54,66,
6.085938,59,54,66,
6.087891,50,54,66,
6.089844,74,54,66,
6.091797,112,54,66,
6.09375,135,54,66,
6.095703,133,54,66,
6.097656,100,54,66,
6.099609,70,54,66,
6.101563,86,54,66,
6.103516,108,54,66,
6.105469,98,54,66,
6.107422,65,54,66,
6.109375,55,54,66,
6.111328,90,54,66,
6.113281,137,54,66,
6.115234,155,54,66,
6.117188,133,54,66,
6.119141,85,54,66,
6.121094,48,54,66,
6.123047,6,54,66,
6.125,-6,54,66,
6.126953,10,54,66,
6.128906,10,54,66,
6.130859,-10,54,66,
6.132813,-4,54,66,
6.134766,29,54,66,
6.136719,51,54,66,
6.138672,39,54,66,
6.140625,35,54,66,
6.142578,42,54,66,
6.144531,49,54,66,
6.146484,70,54,66,
6.148438,102,54,66,
6.150391,120,54,66,
6.152344,121,54,66,
6.154297,120,54,66,
6.15625,105,54,66,
6.158203,77,54,66,
6.160156,81,54,66,
6.162109,98,54,66,
6.164063,112,54,66,
6.166016,118,54,66,
6.167969,117,54,66,
6.169922,96,54,66,
6.171875,75,54,66,
6.173828,74,54,66,
6.175781,88,54,66,
6.177734,88,54,66,
6.179688,42,54,66,
6.181641,-3,54,66,
6.183594,-13,54,66,
6.185547,-20,54,66,
6.1875,-27,54,66,
6.189453,8,54,66,
6.191406,85,54,66,
6.193359,148,54,66,
6.195313,164,54,66,
6.197266,163,54,66,
6.199219,173,54,66,
6.201172,204,54,66,
6.203125,203,54,66,
6.205078,166,54,66,
6.207031,109,54,66,
6.208984,80,54,66,
6.210938,83,54,66,
6.212891,101,54,66,
6.214844,100,54,66,
6.216797,51,54,66,
6.21875,-33,54,66,
6.220703,-73,54,66,
6.222656,-34,54,66,
6.224609,19,54,66,
6.226563,42,54,66,
6.228516,48,54,66,
6.230469,33,54,66,
6.232422,19,54,66,
6.234375,55,54,66,
6.236328,109,54,66,
6.238281,133,54,66,
6.240234,122,54,66,
6.242188,73,54,66,
6.244141,32,54,66,
6.246094,39,54,66,
6.248047,59,54,66,
6.25,60,54,66,
6.251953,69,54,66,
6.253906,103,54,66,
6.255859,134,54,66,
6.257813,113,54,66,
6.259766,64,54,66,
6.261719,44,54,66,
6.263672,60,54,66,
6.265625,88,54,66,
6.267578,88,54,66,
6.269531,83,54,66,
6.271484,96,54,66,
6.273438,100,54,66,
6.275391,90,54,66,
6.277344,73,54,66,
6.279297,56,54,66,
6.28125,86,54,66,
6.283203,134,54,66,
6.285156,138,54,66,
6.287109,113,54,66,
6.289063,77,54,66,
6.291016,49,54,66,
6.292969,42,54,66,
6.294922,68,54,66,
6.296875,102,54,66,
6.298828,96,54,66,
6.300781,36,54,66,
6.302734,7,54,66,
6.304688,44,54,66,
6.306641,93,54,66,
6.308594,118,54,66,
6.310547,97,54,66,
6.3125,40,54,66,
6.314453,3,54,66,
6.316406,-11,54,66,
6.318359,-21,54,66,
6.320313,-28,54,66,
6.322266,-21,54,66,
6.324219,-8,54,66,
6.326172,2,54,66,
6.328125,4,54,66,
6.330078,18,54,66,
6.332031,40,54,66,
6.333984,50,54,66,
6.335938,26,54,66,
6.337891,17,54,66,
6.339844,64,54,66,
6.341797,112,54,66,
6.34375,119,54,66,
6.345703,93,54,66,
6.347656,75,54,66,
6.349609,77,54,66,
6.351563,76,54,66,
6.353516,70,54,66,
6.355469,70,54,66,
6.357422,76,54,66,
6.359375,93,54,66,
6.361328,118,54,66,
6.363281,136,54,66,
6.365234,130,54,66,
6.367188,107,54,66,
6.369141,114,54,66,
6.371094,149,54,66,
6.373047,162,54,66,
6.375,121,54,66,
6.376953,106,54,66,
6.378906,116,54,66,
6.380859,81,54,66,
6.382813,38,54,66,
6.384766,42,54,66,
6.386719,71,54,66,
6.388672,105,54,66,
6.390625,114,54,66,
6.392578,74,54,66,
6.394531,48,54,66,
6.396484,56,54,66,
6.398438,85,54,66,
6.400391,117,54,66,
6.402344,139,54,66,
6.404297,134,54,66,
6.40625,122,54,66,
6.408203,125,54,66,
6.410156,121,54,66,
6.412109,117,54,66,
6.414063,104,54,66,
6.416016,59,54,66,
6.417969,21,54,66,
6.419922,42,54,66,
6.421875,98,54,66,
6.423828,119,54,66,
6.425781,119,54,66,
6.427734,131,54,66,
6.429688,131,54,66,
6.431641,131,54,66,
6.433594,146,54,66,
6.435547,135,54,66,
6.4375,104,54,66,
6.439453,72,54,66,
6.441406,66,54,66,
6.443359,73,54,66,
6.445313,89,54,66,
6.447266,109,54,66,
6.449219,128,54,66,
6.451172,129,54,66,
6.453125,103,54,66,
6.455078,87,54,66,
6.457031,104,54,66,
6.458984,112,54,66,
6.460938,105,54,66,
6.462891,87,54,66,
6.464844,67,54,66,
6.466797,73,54,66,
6.46875,113,54,66,
6.470703,160,54,66,
6.472656,181,54,66,
6.474609,164,54,66,
6.476563,150,54,66,
6.478516,164,54,66,
6.480469,163,54,66,
6.482422,146,54,66,
6.484375,116,54,66,
6.486328,98,54,66,
6.488281,84,54,66,
6.490234,67,54,66,
6.492188,82,54,66,
6.494141,97,54,66,
6.496094,88,54,66,
6.498047,89,54,66,
6.5,88,54,66,
6.501953,38,54,66,
6.503906,6,54,66,
6.505859,17,54,66,
6.507813,24,54,66,
6.509766,23,54,66,
6.511719,50,54,66,
6.513672,89,54,66,
6.515625,103,54,66,
6.517578,113,54,66,
6.519531,113,54,66,
6.521484,93,54,66,
6.523438,76,54,66,
6.525391,59,54,66,
6.527344,26,54,66,
6.529297,-5,54,66,
6.53125,-18,54,66,
6.533203,-14,54,66,
6.535156,19,54,66,
6.537109,85,54,66,
6.539063,135,54,66,
6.541016,147,54,66,
6.542969,156,54,66,
6.544922,167,54,66,
6.546875,169,54,66,
6.548828,156,54,66,
6.550781,161,54,66,
6.552734,151,54,66,
6.554688,121,54,66,
6.556641,84,54,66,
6.558594,60,54,66,
6.560547,48,54,66,
6.5625,45,54,66,
6.564453,82,54,66,
6.566406,136,54,66,
6.568359,168,54,66,
6.570313,185,54,66,
6.572266,181,54,66,
6.574219,150,54,66,
6.576172,146,54,66,
6.578125,152,54,66,
6.580078,136,54,66,
6.582031,91,54,66,
6.583984,41,54,66,
6.585938,20,54,66,
6.587891,36,54,66,
6.589844,75,54,66,
6.591797,119,54,66,
6.59375,160,54,66,
6.595703,200,54,66,
6.597656,245,54,66,
6.599609,247,54,66,
6.601563,205,54,66,
6.603516,165,54,66,
6.605469,145,54,66,
6.607422,128,54,66,
6.609375,107,54,66,
6.611328,74,54,66,
6.613281,48,54,66,
6.615234,64,54,66,
6.617188,100,54,66,
6.619141,114,54,66,
6.621094,115,54,66,
6.623047,130,54,66,
6.625,105,54,66,
6.626953,58,54,66,
6.628906,17,54,66,
6.630859,29,54,66,
6.632813,98,54,66,
6.634766,139,54,66,
6.636719,128,54,66,
6.638672,115,54,66,
6.640625,121,54,66,
6.642578,128,54,66,
6.644531,104,54,66,
6.646484,96,54,66,
6.648438,96,54,66,
6.650391,82,54,66,
6.652344,71,54,66,
6.654297,71,54,66,
6.65625,86,54,66,
6.658203,106,54,66,
6.660156,139,54,66,
6.662109,164,54,66,
6.664063,177,54,66,
6.666016,179,54,66,
6.667969,152,54,66,
6.669922,141,54,66,
6.671875,140,54,66,
6.673828,151,54,66,
6.675781,155,54,66,
6.677734,150,54,66,
6.679688,129,54,66,
6.681641,104,54,66,
6.683594,107,54,66,
6.685547,123,54,66,
6.6875,124,54,66,
6.689453,108,54,66,
6.691406,97,54,66,
6.693359,68,54,66,
6.695313,27,54,66,
6.697266,10,54,66,
6.699219,48,54,66,
6.701172,90,54,66,
6.703125,83,54,66,
6.705078,60,54,66,
6.707031,66,54,66,
6.708984,76,54,66,
6.710938,103,54,66,
6.712891,119,54,66,
6.714844,92,54,66,
6.716797,86,54,66,
6.71875,105,54,66,
6.720703,117,54,66,
6.722656,108,54,66,
6.724609,89,54,66,
6.726563,73,54,66,
6.728516,48,54,66,
6.730469,23,54,66,
6.732422,43,54,66,
6.734375,89,54,66,
6.736328,96,54,66,
6.738281,59,54,66,
6.740234,23,54,66,
6.742188,49,54,66,
6.744141,122,54,66,
6.746094,182,54,66,
6.748047,197,54,66,
6.75,171,54,66,
6.751953,146,54,66,
6.753906,156,54,66,
6.755859,185,54,66,
6.757813,200,54,66,
6.759766,200,54,66,
6.761719,188,54,66,
6.763672,176,54,66,
6.765625,139,54,66,
6.767578,91,54,66,
6.769531,77,54,66,
6.771484,92,54,66,
6.773438,105,54,66,
6.775391,107,54,66,
6.777344,93,54,66,
6.779297,93,54,66,
6.78125,120,54,66,
6.783203,146,54,66,
6.785156,140,54,66,
6.787109,128,54,66,
6.789063,145,54,66,
6.791016,155,54,66,
6.792969,122,54,66,
6.794922,76,54,66,
6.796875,69,54,66,
6.798828,76,54,66,
6.800781,75,54,66,
6.802734,66,54,66,
6.804688,75,54,66,
6.806641,96,54,66,
6.808594,100,54,66,
6.810547,102,54,66,
6.8125,118,54,66,
6.814453,129,54,66,
6.816406,107,54,66,
6.818359,66,54,66,
6.820313,50,54,66,
6.822266,50,54,66,
6.824219,42,54,66,
6.826172,13,54,66,
6.828125,2,54,66,
6.830078,19,54,66,
6.832031,45,54,66,
6.833984,68,54,66,
6.835938,74,54,66,
6.837891,70,54,66,
6.839844,56,54,66,
6.841797,43,54,66,
6.84375,60,54,66,
6.845703,82,54,66,
6.847656,100,54,66,
6.849609,116,54,66,
6.851563,140,54,66,
6.853516,148,54,66,
6.855469,160,54,66,
6.857422,150,54,66,
6.859375,128,54,66,
6.861328,120,54,66,
6.863281,118,54,66,
6.865234,92,54,66,
6.867188,44,54,66,
6.869141,24,54,66,
6.871094,35,54,66,
6.873047,27,54,66,
6.875,2,54,66,
6.876953,9,54,66,
6.878906,50,54,66,
6.880859,57,54,66,
6.882813,44,54,66,
6.884766,44,54,66,
6.886719,55,54,66,
6.888672,73,54,66,
6.890625,123,54,66,
6.892578,161,54,66,
6.894531,152,54,66,
6.896484,105,54,66,
6.898438,59,54,66,
6.900391,59,54,66,
6.902344,82,54,66,
6.904297,75,54,66,
6.90625,59,54,66,
6.908203,34,54,66,
6.910156,40,54,66,
6.912109,98,54,66,
6.914063,121,54,66,
6.916016,99,54,66,
6.917969,71,54,66,
6.919922,60,54,66,
6.921875,89,54,66,
6.923828,131,54,66,
6.925781,148,54,66,
6.927734,116,54,66,
6.929688,65,54,66,
6.931641,32,54,66,
6.933594,33,54,66,
6.935547,70,54,66,
6.9375,96,54,66,
6.939453,92,54,66,
6.941406,69,54,66,
6.943359,58,54,66,
6.945313,76,54,66,
6.947266,89,54,66,
6.949219,86,54,66,
6.951172,84,54,66,
6.953125,88,54,66,
6.955078,80,54,66,
6.957031,66,54,66,
6.958984,59,54,66,
6.960938,35,54,66,
6.962891,9,54,66,
6.964844,6,54,66,
6.966797,26,54,66,
6.96875,51,54,66,
6.970703,81,54,66,
6.972656,108,54,66,
6.974609,105,54,66,
6.976563,80,54,66,
6.978516,58,54,66,
6.980469,70,54,66,
6.982422,88,54,66,
6.984375,70,54,66,
6.986328,37,54,51,
6.988281,58,54,51,
6.990234,114,54,51,
6.992188,134,54,51,
6.994141,122,54,51,
6.996094,129,54,51,
6.998047,160,54,51,
7,180,54,51,
7.001953,162,54,51,
7.003906,109,54,51,
7.005859,59,54,51,
7.007813,41,54,51,
7.009766,85,54,51,
7.011719,149,54,51,
7.013672,171,54,51,
7.015625,153,54,51,
7.017578,136,54,51,
7.019531,138,54,51,
7.021484,125,54,51,
7.023438,72,54,51,
7.025391,20,54,51,
7.027344,17,54,51,
7.029297,41,54,51,
7.03125,55,54,51,
7.033203,64,54,51,
7.035156,84,54,51,
7.037109,90,54,51,
7.039063,101,54,51,
7.041016,108,54,51,
7.042969,108,54,51,
7.044922,101,54,51,
7.046875,60,54,51,
7.048828,19,54,51,
7.050781,16,54,51,
7.052734,43,54,51,
7.054688,57,54,51,
7.056641,41,54,51,
7.058594,35,54,51,
7.060547,19,54,51,
7.0625,-13,54,51,
7.064453,-17,54,51,
7.066406,27,54,51,
7.068359,89,54,51,
7.070313,140,54,51,
7.072266,155,54,51,
7.074219,153,54,51,
7.076172,149,54,51,
7.078125,148,54,51,
7.080078,137,54,51,
7.082031,104,54,51,
7.083984,82,54,51,
7.085938,100,54,51,
7.087891,130,54,51,
7.089844,121,54,51,
7.091797,102,54,51,
7.09375,103,54,51,
7.095703,122,54,51,
7.097656,120,54,51,
7.099609,106,54,51,
7.101563,98,54,51,
7.103516,86,54,51,
7.105469,64,54,51,
7.107422,38,54,51,
7.109375,28,54,51,
7.111328,39,54,51,
7.113281,68,54,51,
7.115234,98,54,51,
7.117188,100,54,51,
7.119141,84,54,51,
7.121094,89,54,51,
7.123047,108,54,51,
7.125,115,54,51,
7.126953,125,54,51,
7.128906,146,54,51,
7.130859,136,54,51,
7.132813,90,54,51,
7.134766,69,54,51,
7.136719,76,54,51,
7.138672,65,54,51,
7.140625,34,54,51,
7.142578,16,54,51,
7.144531,22,54,51,
7.146484,44,54,51,
7.148438,61,54,51,
7.150391,80,54,51,
7.152344,99,54,51,
7.154297,108,54,51,
7.15625,117,54,51,
7.158203,117,54,51,
7.160156,105,54,51,
7.162109,83,54,51,
7.164063,65,54,51,
7.166016,34,54,51,
7.167969,21,54,51,
7.169922,8,54,51,
7.171875,20,54,51,
7.173828,73,54,51,
7.175781,113,54,51,
7.177734,116,54,51,
7.179688,104,54,51,
7.181641,100,54,51,
7.183594,107,54,51,
7.185547,113,54,51,
7.1875,103,54,51,
7.189453,82,54,51,
7.191406,56,54,51,
7.193359,40,54,51,
7.195313,42,54,51,
7.197266,67,54,51,
7.199219,91,54,51,
7.201172,118,54,51,
7.203125,140,54,51,
7.205078,161,54,51,
7.207031,169,54,51,
7.208984,169,54,51,
7.210938,156,54,51,
7.212891,144,54,51,
7.214844,147,54,51,
7.216797,148,54,51,
7.21875,147,54,51,
7.220703,144,54,51,
7.222656,151,54,51,
7.224609,138,54,51,
7.226563,122,54,51,
7.228516,116,54,51,
7.230469,123,54,51,
7.232422,131,54,51,
7.234375,124,54,51,
7.236328,118,54,51,
7.238281,113,54,51,
7.240234,105,54,51,
7.242188,106,54,51,
7.244141,129,54,51,
7.246094,136,54,51,
7.248047,137,54,51,
7.25,148,54,51,
7.251953,156,54,51,
7.253906,160,54,51,
7.255859,141,54,51,
7.257813,113,54,51,
7.259766,90,54,51,
7.261719,96,54,51,
7.263672,114,54,51,
7.265625,106,54,51,
7.267578,80,54,51,
7.269531,54,54,51,
7.271484,55,54,51,
7.273438,59,54,51,
7.275391,69,54,51,
7.277344,58,54,51,
7.279297,50,54,51,
7.28125,67,54,51,
7.283203,92,54,51,
7.285156,120,54,51,
7.287109,132,54,51,
7.289063,117,54,51,
7.291016,112,54,51,
7.292969,120,54,51,
7.294922,117,54,51,
7.296875,97,54,51,
7.298828,71,54,51,
7.300781,55,54,51,
7.302734,41,54,51,
7.304688,33,54,51,
7.306641,6,54,51,
7.308594,-3,54,51,
7.310547,10,54,51,
7.3125,18,54,51,
7.314453,4,54,51,
7.316406,4,54,51,
7.318359,5,54,51,
7.320313,17,54,51,
7.322266,57,54,51,
7.324219,117,54,51,
7.326172,139,54,51,
7.328125,137,54,51,
7.330078,138,54,51,
7.332031,105,54,51,
7.333984,81,54,51,
7.335938,85,54,51,
7.337891,86,54,51,
7.339844,85,54,51,
7.341797,92,54,51,
7.34375,116,54,51,
7.345703,155,54,51,
7.347656,199,54,51,
7.349609,229,54,51,
7.351563,240,54,51,
7.353516,212,54,51,
7.355469,165,54,51,
7.357422,123,54,51,
7.359375,98,54,51,
7.361328,85,54,51,
7.363281,67,54,51,
7.365234,27,54,51,
7.367188,6,54,51,
7.369141,-1,54,51,
7.371094,-6,54,51,
7.373047,6,54,51,
7.375,60,54,51,
7.376953,104,54,51,
7.378906,86,54,51,
7.380859,53,54,51,
7.382813,56,54,51,
7.384766,84,54,51,
7.386719,96,54,51,
7.388672,86,54,51,
7.390625,86,54,51,
7.392578,128,54,51,
7.394531,164,54,51,
7.396484,134,54,51,
7.398438,97,54,51,
7.400391,91,54,51,
7.402344,117,54,51,
7.404297,131,54,51,
7.40625,116,54,51,
7.408203,89,54,51,
7.410156,75,54,51,
7.412109,72,54,51,
7.414063,74,54,51,
7.416016,74,54,51,
7.417969,87,54,51,
7.419922,97,54,51,
7.421875,81,54,51,
7.423828,65,54,51,
7.425781,57,54,51,
7.427734,73,54,51,
7.429688,107,54,51,
7.431641,117,54,51,
7.433594,86,54,51,
7.435547,42,54,51,
7.4375,25,54,51,
7.439453,26,54,51,
7.441406,27,54,51,
7.443359,26,54,51,
7.445313,24,54,51,
7.447266,21,54,51,
7.449219,9,54,51,
7.451172,-7,54,51,
7.453125,4,54,51,
7.455078,27,54,51,
7.457031,49,54,51,
7.458984,59,54,51,
7.460938,52,54,51,
7.462891,58,54,51,
7.464844,92,54,51,
7.466797,124,54,51,
7.46875,134,54,51,
7.470703,141,54,51,
7.472656,157,54,51,
7.474609,177,54,51,
7.476563,178,54,51,
7.478516,177,54,51,
7.480469,163,54,51,
7.482422,144,54,51,
7.484375,124,54,51,
7.486328,109,54,51,
7.488281,101,54,51,
7.490234,90,54,51,
7.492188,114,54,51,
7.494141,162,54,51,
7.496094,160,54,51,
7.498047,134,54,51,
7.5,119,54,51,
7.501953,140,54,51,
7.503906,168,54,51,
7.505859,156,54,51,
7.507813,122,54,51,
7.509766,122,54,51,
7.511719,150,54,51,
7.513672,140,54,51,
7.515625,112,54,51,
7.517578,102,54,51,
7.519531,117,54,51,
7.521484,125,54,51,
7.523438,112,54,51,
7.525391,75,54,51,
7.527344,48,54,51,
7.529297,51,54,51,
7.53125,58,54,51,
7.533203,37,54,51,
7.535156,8,54,51,
7.537109,16,54,51,
7.539063,42,54,51,
7.541016,53,54,51,
7.542969,53,54,51,
7.544922,20,54,51,
7.546875,-3,54,51,
7.548828,12,54,51,
7.550781,40,54,51,
7.552734,56,54,51,
7.554688,75,54,51,
7.556641,88,54,51,
7.558594,80,54,51,
7.560547,70,54,51,
7.5625,85,54,51,
7.564453,98,54,51,
7.566406,87,54,51,
7.568359,76,54,51,
7.570313,83,54,51,
7.572266,98,54,51,
7.574219,114,54,51,
7.576172,113,54,51,
7.578125,84,54,51,
7.580078,52,54,51,
7.582031,49,54,51,
7.583984,73,54,51,
7.585938,87,54,51,
7.587891,88,54,51,
7.589844,96,54,51,
7.591797,103,54,51,
7.59375,92,54,51,
7.595703,86,54,51,
7.597656,112,54,51,
7.599609,151,54,51,
7.601563,182,54,51,
7.603516,172,54,51,
7.605469,145,54,51,
7.607422,134,54,51,
7.609375,171,54,51,
7.611328,215,54,51,
7.613281,242,54,51,
7.615234,253,54,51,
7.617188,246,54,51,
7.619141,215,54,51,
7.621094,196,54,51,
7.623047,214,54,51,
7.625,235,54,51,
7.626953,216,54,51,
7.628906,165,54,51,
7.630859,103,54,51,
7.632813,59,54,51,
7.634766,97,54,51,
7.636719,152,54,51,
7.638672,148,54,51,
7.640625,83,54,51,
7.642578,60,54,51,
7.644531,96,54,51,
7.646484,130,54,51,
7.648438,134,54,51,
7.650391,123,54,51,
7.652344,119,54,51,
7.654297,120,54,51,
7.65625,103,54,51,
7.658203,75,54,51,
7.660156,69,54,51,
7.662109,70,54,51,
7.664063,70,54,51,
7.666016,83,54,51,
7.667969,90,54,51,
7.669922,89,54,51,
7.671875,96,54,51,
7.673828,103,54,51,
7.675781,104,54,51,
7.677734,93,54,51,
7.679688,81,54,51,
7.681641,74,54,51,
7.683594,75,54,51,
7.685547,70,54,51,
7.6875,75,54,51,
7.689453,104,54,51,
7.691406,124,54,51,
7.693359,107,54,51,
7.695313,96,54,51,
7.697266,112,54,51,
7.699219,133,54,51,
7.701172,150,54,51,
7.703125,153,54,51,
7.705078,153,54,51,
7.707031,138,54,51,
7.708984,103,54,51,
7.710938,88,54,51,
7.712891,108,54,51,
7.714844,138,54,51,
7.716797,151,54,51,
7.71875,146,54,51,
7.720703,123,54,51,
7.722656,119,54,51,
7.724609,150,54,51,
7.726563,185,54,51,
7.728516,187,54,51,
7.730469,148,54,51,
7.732422,97,54,51,
7.734375,75,54,51,
7.736328,77,54,51,
7.738281,87,54,51,
7.740234,98,54,51,
7.742188,83,54,51,
7.744141,50,54,51,
7.746094,19,54,51,
7.748047,6,54,51,
7.75,18,54,51,
7.751953,39,54,51,
7.753906,42,54,51,
7.755859,32,54,51,
7.757813,37,54,51,
7.759766,56,54,51,
7.761719,67,54,51,
7.763672,56,54,51,
7.765625,42,54,51,
7.767578,58,54,51,
7.769531,81,54,51,
7.771484,77,54,51,
7.773438,59,54,51,
7.775391,35,54,51,
7.777344,37,54,51,
7.779297,89,54,51,
7.78125,123,54,51,
7.783203,100,54,51,
7.785156,80,54,51,
7.787109,60,54,51,
7.789063,33,54,51,
7.791016,32,54,51,
7.792969,71,54,51,
7.794922,106,54,51,
7.796875,106,54,51,
7.798828,84,54,51,
7.800781,48,54,51,
7.802734,49,54,51,
7.804688,106,54,51,
7.806641,146,54,51,
7.808594,135,54,51,
7.810547,106,54,51,
7.8125,70,54,51,
7.814453,49,54,51,
7.816406,50,54,51,
7.818359,61,54,51,
7.820313,53,54,51,
7.822266,49,54,51,
7.824219,60,54,51,
7.826172,72,54,51,
7.828125,84,54,51,
7.830078,102,54,51,
7.832031,114,54,51,
7.833984,98,54,51,
7.835938,77,54,51,
7.837891,85,54,51,
7.839844,91,54,51,
7.841797,73,54,51,
7.84375,39,54,51,
7.845703,32,54,51,
7.847656,29,54,51,
7.849609,8,54,51,
7.851563,-34,54,51,
7.853516,-81,54,51,
7.855469,-86,54,51,
7.857422,-88,54,51,
7.859375,-110,54,51,
7.861328,-94,54,51,
7.863281,-19,54,51,
7.865234,83,54,51,
7.867188,166,54,51,
7.869141,176,54,51,
7.871094,144,54,51,
7.873047,120,54,51,
7.875,119,54,51,
7.876953,103,54,51,
7.878906,49,54,51,
7.880859,-5,54,51,
7.882813,-7,54,51,
7.884766,21,54,51,
7.886719,33,54,51,
7.888672,37,54,51,
7.890625,66,54,51,
7.892578,67,54,51,
7.894531,52,54,51,
7.896484,74,54,51,
7.898438,90,54,51,
7.900391,106,54,51,
7.902344,128,54,51,
7.904297,129,54,51,
7.90625,108,54,51,
7.908203,108,54,51,
7.910156,104,54,51,
7.912109,90,54,51,
7.914063,81,54,51,
7.916016,82,54,51,
7.917969,88,54,51,
7.919922,83,54,51,
7.921875,74,54,51,
7.923828,64,54,51,
7.925781,51,54,51,
7.927734,53,54,51,
7.929688,69,54,51,
7.931641,76,54,51,
7.933594,81,54,51,
7.935547,92,54,51,
7.9375,113,54,51,
7.939453,99,54,51,
7.941406,72,54,51,
7.943359,55,54,51,
7.945313,40,54,51,
7.947266,18,54,51,
7.949219,1,54,51,
7.951172,8,54,51,
7.953125,32,54,51,
7.955078,34,54,51,
7.957031,23,54,51,
7.958984,20,54,51,
7.960938,26,54,51,
7.962891,33,54,51,
7.964844,39,54,51,
7.966797,44,54,51,
7.96875,54,54,51,
7.970703,65,54,51,
7.972656,82,54,51,
7.974609,107,54,51,
7.976563,140,54,51,
7.978516,149,51,56,
7.980469,119,51,56,
7.982422,119,51,56,
7.984375,75,51,56,
7.986328,28,51,56,
7.988281,-7,51,56,
7.990234,-2,51,56,
7.992188,48,51,56,
7.994141,86,51,56,
7.996094,107,51,56,
7.998047,118,51,56,
8,134,51,56,
